用户号,产品名称,推荐指数
10770,精彩点,1.29624892895
10770,珠江在线,1.28989856012
10770,免费睇,1.28743741413
10770,今日上线,1.21807041347
10770,院线大片,1.08026910402
10770,热门影视,1.02507409122
10770,热点专题,0.977639769927
10770,动漫剧场,0.93304849773
10770,少儿乐园,0.534970566028
10129,少儿乐园,0.558907846107
10289,少儿乐园,1.62850634717
10289,精彩点,1.41143228905
10289,今日上线,1.39383378846
10289,院线大片,1.21532900581
10289,热门影视,1.19687683038
10289,珠江在线,1.06311702025
10289,热点专题,1.0361519086
10289,动漫剧场,1.02290155104
10289,潮语专区,0.636724775526
10289,免费睇,0.518593612535
10246,精彩点,0.731253828316
10246,珠江在线,0.709104527472
10246,热点专题,0.700698331745
10246,免费睇,0.687370679883
10246,今日上线,0.669552270497
10246,动漫剧场,0.648267870724
10246,潮语专区,0.614031692175
10246,院线大片,0.592629635729
10246,热门影视,0.546356797612
10929,少儿乐园,0.822782721511
10929,精彩点,0.639625771427
10929,免费睇,0.634188860532
10929,珠江在线,0.634160782484
10929,热点专题,0.622820799995
10929,动漫剧场,0.605691463947
10929,今日上线,0.60217992361
10929,院线大片,0.529146325714
10929,热门影视,0.5
10696,少儿乐园,0.71092319409
10696,精彩点,0.552666924763
10696,免费睇,0.547969176549
10696,珠江在线,0.547944915788
10696,热点专题,0.538146634466
10696,动漫剧场,0.523346077797
10696,今日上线,0.520311940829
10307,精彩点,1.02487399643
10307,珠江在线,0.997953447477
10307,热点专题,0.984990209445
10307,免费睇,0.973135508638
10307,今日上线,0.943294937387
10307,动漫剧场,0.920022830352
10307,院线大片,0.833781508189
10307,热门影视,0.772286278592
10960,潮语专区,0.608075201569
10960,少儿乐园,0.600699931098
10960,动漫剧场,0.598546754676
10960,热点专题,0.594318801998
10960,珠江在线,0.589303131888
10960,今日上线,0.549385507728
10960,精彩点,0.536518104802
10257,少儿乐园,0.754591758121
10257,珠江在线,0.737262658333
10257,潮语专区,0.725756301388
10257,免费睇,0.714287634807
10257,动漫剧场,0.69799769771
10257,精彩点,0.685864673024
10257,院线大片,0.587671232877
10257,热门影视,0.587671232877
10257,今日上线,0.571800849718
10249,少儿乐园,0.724450332155
10249,精彩点,0.563182831203
10249,免费睇,0.558395696275
10249,珠江在线,0.55837097389
10249,热点专题,0.548386255123
10249,动漫剧场,0.533304079883
10249,今日上线,0.530212210673
10939,少儿乐园,0.824682877821
10939,潮语专区,0.819576199428
10939,动漫剧场,0.809097900638
10939,珠江在线,0.806244102564
10939,今日上线,0.753801903685
10939,精彩点,0.736874772628
10939,院线大片,0.65
10939,热门影视,0.65
10939,热点专题,0.553732727457
11084,少儿乐园,0.822782721511
11084,精彩点,0.639625771427
11084,免费睇,0.634188860532
11084,珠江在线,0.634160782484
11084,热点专题,0.622820799995
11084,动漫剧场,0.605691463947
11084,今日上线,0.60217992361
11084,院线大片,0.529146325714
11084,热门影视,0.5
11087,精彩点,1.03187064826
11087,珠江在线,1.00596230773
11087,热点专题,0.992567731844
11087,免费睇,0.982612017359
11087,今日上线,0.951155543047
11087,动漫剧场,0.929627366462
11087,院线大片,0.840400093478
11087,热门影视,0.77945914288
10170,精彩点,1.38600272973
10170,珠江在线,1.35877663934
10170,热点专题,1.34572688558
10170,免费睇,1.33364176027
10170,今日上线,1.30364313624
10170,动漫剧场,1.28004957177
10170,热门影视,1.13116315077
10170,潮语专区,0.511642310067
10429,精彩点,0.967944946509
10429,热点专题,0.953891176778
10429,免费睇,0.933127074009
10429,今日上线,0.917721091155
10429,动漫剧场,0.86713601138
10429,潮语专区,0.807983531682
10429,院线大片,0.788431075873
10429,热门影视,0.747859993982
10429,珠江在线,0.536304827729
10209,精彩点,1.04979680717
10209,热点专题,1.0392582376
10209,免费睇,1.03121672818
10209,今日上线,1.00385167554
10209,动漫剧场,0.963977872284
10209,少儿乐园,0.903194635401
10209,院线大片,0.861576757418
10209,热门影视,0.823468562335
10209,珠江在线,0.560321021533
11067,珠江在线,1.81647241843
11067,精彩点,1.75525172779
11067,今日上线,1.70880944686
11067,院线大片,1.50963578443
11067,热门影视,1.47334246536
11067,少儿乐园,1.30821174897
11067,动漫剧场,0.863284755387
11067,潮语专区,0.829881821864
11067,热点专题,0.663670995762
11067,免费睇,0.632856495611
11098,精彩点,0.789765122887
11098,珠江在线,0.767339012515
11098,热点专题,0.757831507658
11098,免费睇,0.745913131866
11098,今日上线,0.724903183663
11098,动漫剧场,0.704294980865
11098,院线大片,0.641207397234
11098,热门影视,0.592450048277
11098,潮语专区,0.565646751386
10138,少儿乐园,0.515997957104
10085,潮语专区,0.634188860532
10085,少儿乐园,0.626496860654
10085,动漫剧场,0.624251216534
10085,热点专题,0.619841695335
10085,珠江在线,0.61461062835
10085,今日上线,0.572978750391
10085,精彩点,0.559558759609
10085,院线大片,0.5
10085,热门影视,0.5
11314,少儿乐园,0.822782721511
11314,精彩点,0.639625771427
11314,免费睇,0.634188860532
11314,珠江在线,0.634160782484
11314,热点专题,0.622820799995
11314,动漫剧场,0.605691463947
11314,今日上线,0.60217992361
11314,院线大片,0.529146325714
11314,热门影视,0.5
11120,珠江在线,2.48114691205
11120,精彩点,2.41483676006
11120,院线大片,2.05701578936
11120,热门影视,2.00282766621
11120,热点专题,1.18205452081
11120,动漫剧场,1.14273211357
11120,少儿乐园,0.942343951737
11120,免费睇,0.84506797017
11120,潮语专区,0.78318449188
11120,今日上线,0.552780173568
11299,精彩点,1.14974245514
11299,珠江在线,1.14325020366
11299,免费睇,1.1126170656
11299,今日上线,1.07869986672
11299,动漫剧场,1.0636254285
11299,院线大片,0.944125515842
11299,热门影视,0.887061207208
11299,热点专题,0.761790843974
11299,潮语专区,0.735483115116
10814,免费睇,1.57400475363
10814,动漫剧场,1.48848921346
10814,院线大片,1.33223615036
10814,热门影视,1.30608519027
10814,少儿乐园,1.29219087858
10814,潮语专区,1.14836734079
10814,热点专题,1.05426425151
10814,今日上线,0.961815535461
10814,精彩点,0.951185910757
10814,珠江在线,0.735825719277
10675,少儿乐园,0.512858465484
10782,精彩点,2.75280226259
10782,动漫剧场,2.58650039246
10782,院线大片,2.29613962054
10782,热门影视,2.22887635447
10782,免费睇,1.99021802457
10782,热点专题,0.814903330499
10931,潮语专区,0.574997900215
10931,少儿乐园,0.568023820326
10931,动漫剧场,0.565987769657
10931,热点专题,0.561989803771
10931,珠江在线,0.557246969704
10931,今日上线,0.519500733688
10931,精彩点,0.507333275379
10319,少儿乐园,1.87538493453
10319,今日上线,1.61803415526
10319,院线大片,1.39410850731
10319,热门影视,1.3793774757
10319,动漫剧场,1.22412255381
10319,珠江在线,1.08838319415
10319,免费睇,1.0531396998
10319,热点专题,0.953986399796
10319,潮语专区,0.951414017788
10319,精彩点,0.715473550899
11270,精彩点,1.02896979395
11270,珠江在线,1.00304202278
11270,热点专题,0.989711551156
11270,免费睇,0.979631082504
11270,今日上线,0.948371984688
11270,动漫剧场,0.926757535903
11270,院线大片,0.837966037312
11270,热门影视,0.777121259924
10847,少儿乐园,0.715046583977
10847,精彩点,0.555872420416
10847,免费睇,0.551147425029
10847,珠江在线,0.551123023554
10847,热点专题,0.541267911713
10847,动漫剧场,0.526381511079
10847,今日上线,0.523329775966
10993,热点专题,1.6694536532
10993,精彩点,1.65772453893
10993,免费睇,1.6553187688
10993,今日上线,1.57423072183
10993,院线大片,1.3795218324
10993,热门影视,1.32296495786
10993,动漫剧场,0.912123696543
10993,少儿乐园,0.736992880294
10993,珠江在线,0.637158666869
11183,精彩点,1.89559023977
11183,免费睇,1.87735339577
11183,今日上线,1.82233950042
11183,动漫剧场,1.79007896485
11183,院线大片,1.56808865594
11183,热门影视,1.50240490961
11183,珠江在线,1.06255575496
10281,少儿乐园,0.556765232734
10155,少儿乐园,0.608820204348
11041,精彩点,0.913201056475
11041,珠江在线,0.88869354637
11041,热点专题,0.87729196285
11041,免费睇,0.865867654028
11041,今日上线,0.839892935385
11041,动漫剧场,0.818328836432
11041,院线大片,0.742527449976
11041,热门影视,0.687309137296
11094,精彩点,0.910849036021
11094,珠江在线,0.887898815663
11094,热点专题,0.876098282915
11094,免费睇,0.867176936958
11094,今日上线,0.839504853284
11094,动漫剧场,0.820373497045
11094,院线大片,0.741772492093
11094,热门影视,0.687913352326
11005,潮语专区,0.734800571809
11005,热点专题,0.726478853889
11005,少儿乐园,0.722375461036
11005,珠江在线,0.702320584027
11005,今日上线,0.6563087781
11005,精彩点,0.653675292909
11005,院线大片,0.586337108092
11005,热门影视,0.586337108092
11005,动漫剧场,0.584195432527
10944,精彩点,1.16410068724
10944,热点专题,1.13771976302
10944,免费睇,1.11503122042
10944,今日上线,1.09262905238
10944,动漫剧场,1.04130930194
10944,院线大片,0.947224024246
10944,热门影视,0.891174444759
10944,潮语专区,0.767690335615
10944,珠江在线,0.729834709433
10448,精彩点,0.916666761943
10448,珠江在线,0.893753083664
10448,热点专题,0.881824684007
10448,免费睇,0.873149518256
10448,今日上线,0.845084456884
10448,动漫剧场,0.826122260884
10448,院线大片,0.746652164548
10448,热门影视,0.692598171029
10148,珠江在线,0.858348961672
10148,热点专题,0.841190539371
10148,免费睇,0.823304133732
10148,今日上线,0.816059934666
10148,动漫剧场,0.785447263449
10148,院线大片,0.714486893314
10148,潮语专区,0.681769699853
10148,热门影视,0.673400728331
10148,精彩点,0.659312144011
11207,精彩点,0.753638652649
11207,珠江在线,0.729328475886
11207,热点专题,0.721090023968
11207,免费睇,0.704899588994
11207,今日上线,0.688286631706
11207,潮语专区,0.682353770839
11207,动漫剧场,0.663991486586
11207,院线大片,0.60962224447
11207,热门影视,0.560725186328
10088,少儿乐园,1.07468642577
10088,珠江在线,0.934570757205
10088,热点专题,0.930942553179
10088,动漫剧场,0.922645416449
10088,精彩点,0.893949641391
10088,今日上线,0.878860771706
10088,院线大片,0.769458484554
10088,热门影视,0.749288878172
10962,精彩点,0.857255788276
10962,珠江在线,0.839764053414
10962,热点专题,0.82748022492
10962,免费睇,0.825884638252
10962,今日上线,0.794990011371
10962,动漫剧场,0.783520289331
10962,院线大片,0.701309918665
10962,热门影视,0.653965722727
10962,少儿乐园,0.617868616266
10999,精彩点,0.684482778429
10999,珠江在线,0.669117398372
10999,热点专题,0.659710300356
10999,免费睇,0.656120360987
10999,今日上线,0.63310414765
10999,动漫剧场,0.621720323141
10999,院线大片,0.558882817254
10999,少儿乐园,0.525315029216
10999,热门影视,0.519941050959
10891,精彩点,0.665320807056
10891,珠江在线,0.645893278087
10891,热点专题,0.6380372822
10891,免费睇,0.627111013426
10891,今日上线,0.610043493724
10891,动漫剧场,0.59183116757
10891,潮语专区,0.561342211726
10891,院线大片,0.539756968992
10738,热点专题,2.31172635786
10738,今日上线,2.23026661941
10738,动漫剧场,2.16572348722
10738,院线大片,1.91198318013
10738,热门影视,1.8608705352
10738,潮语专区,1.70060494097
10860,少儿乐园,0.699117620715
10860,潮语专区,0.685445569332
10860,珠江在线,0.681773491019
10860,动漫剧场,0.678159311764
10860,今日上线,0.638763343738
10860,精彩点,0.624866274529
10860,院线大片,0.546020479453
10860,热门影视,0.546020479453
11101,珠江在线,1.10511587613
11101,精彩点,1.09487498971
11101,免费睇,1.08641345822
11101,动漫剧场,1.04679229303
11101,今日上线,1.04411318042
11101,院线大片,0.908518394503
11101,热门影视,0.865036221743
11101,少儿乐园,0.81284062917
11101,热点专题,0.611744837622
10872,少儿乐园,0.669739128147
10872,潮语专区,0.664772784347
10872,动漫剧场,0.656403159358
10872,珠江在线,0.654614513644
10872,今日上线,0.612152189464
10872,精彩点,0.598445070229
10872,院线大片,0.527436808636
10872,热门影视,0.527436808636
10872,热点专题,0.500048431363
10018,珠江在线,1.12336697356
10018,免费睇,1.08055465949
10018,今日上线,1.0682003183
10018,动漫剧场,1.04730321678
10018,院线大片,0.922788535921
10018,热门影视,0.889906872198
10018,潮语专区,0.802249100783
10018,少儿乐园,0.797191692584
10018,热点专题,0.727269842814
10018,精彩点,0.633362691966
10997,精彩点,0.776035688773
10997,珠江在线,0.762810494304
10997,免费睇,0.75381769179
10997,热点专题,0.750942513258
10997,今日上线,0.722769181829
10997,少儿乐园,0.721371720389
10997,动漫剧场,0.716537509506
10997,院线大片,0.636886131963
10997,热门影视,0.596152720752
11085,少儿乐园,1.05492753913
11085,热点专题,0.916979062976
11085,免费睇,0.908709089279
11085,精彩点,0.905918023752
11085,今日上线,0.890492094637
11085,动漫剧场,0.840298677102
11085,院线大片,0.74693791416
11085,热门影视,0.73
10869,少儿乐园,1.15079154641
10869,珠江在线,0.978161069361
10869,热点专题,0.971898018548
10869,动漫剧场,0.96002030024
10869,精彩点,0.944818100316
10869,今日上线,0.921469442253
10869,院线大片,0.807298293044
10869,热门影视,0.781894342444
11080,热点专题,1.54314106606
11080,精彩点,1.50978806206
11080,动漫剧场,1.47516302696
11080,今日上线,1.46201295954
11080,院线大片,1.27263897548
11080,热门影视,1.22539981286
11080,珠江在线,1.15321481252
11080,潮语专区,0.764782862543
11080,少儿乐园,0.734102292477
10884,少儿乐园,0.959725280138
10884,珠江在线,0.782954669362
10884,免费睇,0.77909669544
10884,精彩点,0.771319703714
10884,动漫剧场,0.7529173267
10884,今日上线,0.741523421525
10884,院线大片,0.644349805849
10884,热门影视,0.618002369175
10884,热点专题,0.597860393318
11039,珠江在线,0.803815463209
11039,热点专题,0.786375828504
11039,免费睇,0.779384109763
11039,今日上线,0.765449138923
11039,动漫剧场,0.746329116486
11039,少儿乐园,0.731051768646
11039,院线大片,0.668830425369
11039,精彩点,0.642220697348
11039,热门影视,0.634979984273
10076,珠江在线,1.48619376444
10076,热点专题,1.47679315694
10076,精彩点,1.46520046202
10076,动漫剧场,1.42232221906
10076,今日上线,1.3990499467
10076,院线大片,1.23057924631
10076,热门影视,1.17227594953
10076,少儿乐园,0.590260718573
10382,少儿乐园,0.607049237389
11096,精彩点,0.732683827104
11096,珠江在线,0.718251463839
11096,热点专题,0.707604294007
11096,免费睇,0.70709737608
11096,今日上线,0.68008107419
11096,动漫剧场,0.671101509274
11096,少儿乐园,0.617027557034
11096,院线大片,0.599800139788
11096,热门影视,0.559757295961
10115,少儿乐园,0.851196373974
10115,潮语专区,0.820620074626
10115,免费睇,0.800741633713
10115,今日上线,0.792471716628
10115,精彩点,0.781430212156
10115,动漫剧场,0.743337520171
10115,院线大片,0.65
10115,热门影视,0.65
10115,热点专题,0.628661803644
10985,精彩点,1.29411529827
10985,今日上线,1.25023901428
10985,动漫剧场,1.24465146193
10985,院线大片,1.08039317296
10985,热门影视,1.03895393182
10985,珠江在线,0.989231469387
10985,热点专题,0.954589738989
10985,免费睇,0.946033174396
10985,少儿乐园,0.84050942656
10985,潮语专区,0.627722595626
11033,少儿乐园,0.733464597198
11033,精彩点,0.570190460411
11033,免费睇,0.565343759629
11033,珠江在线,0.565318729626
11033,热点专题,0.555209771974
11033,动漫剧场,0.539939930695
11033,今日上线,0.536809589657
10936,少儿乐园,0.824925251756
10936,珠江在线,0.74947925452
10936,免费睇,0.739280905041
10936,动漫剧场,0.729268874832
10936,精彩点,0.707621656206
10936,今日上线,0.706566141538
10936,院线大片,0.601842123678
10936,热门影视,0.592727272727
10936,潮语专区,0.588497870912
10750,精彩点,0.597540828842
10750,珠江在线,0.582742461627
10750,热点专题,0.574927166146
10750,免费睇,0.569500940848
10750,今日上线,0.551043188814
10750,动漫剧场,0.538902322022
10994,少儿乐园,0.822782721511
10994,精彩点,0.639625771427
10994,免费睇,0.634188860532
10994,珠江在线,0.634160782484
10994,热点专题,0.622820799995
10994,动漫剧场,0.605691463947
10994,今日上线,0.60217992361
10994,院线大片,0.529146325714
10994,热门影视,0.5
10850,珠江在线,1.15639852911
10850,热点专题,1.12570639411
10850,免费睇,1.09588696479
10850,动漫剧场,1.04445493985
10850,院线大片,0.956891973709
10850,热门影视,0.920523812896
10850,潮语专区,0.914028094364
10850,今日上线,0.856707302615
10850,少儿乐园,0.670218789558
10102,热点专题,1.35920366722
10102,精彩点,1.32773851673
10102,今日上线,1.27451330724
10102,院线大片,1.12132714266
10102,少儿乐园,1.09187517464
10102,热门影视,1.08350038869
10102,免费睇,0.973353708531
10102,珠江在线,0.939598561786
10102,动漫剧场,0.894292116852
11163,少儿乐园,0.628671067227
10089,精彩点,0.738859319577
10089,珠江在线,0.722250626052
10089,热点专题,0.712102706962
10089,免费睇,0.708190063469
10089,今日上线,0.683372157086
10089,动漫剧场,0.671047929223
10089,院线大片,0.603263917967
10089,热门影视,0.561210091893
10089,少儿乐园,0.531101670409
10811,少儿乐园,0.668577409901
10811,热点专题,0.604734853179
10811,珠江在线,0.587506429083
10811,精彩点,0.571503867069
10811,今日上线,0.553210212204
10811,免费睇,0.505829691481
11006,精彩点,1.18622134291
11006,珠江在线,1.18571170115
11006,热点专题,1.16078206711
11006,免费睇,1.14794710459
11006,动漫剧场,1.07704566208
11006,院线大片,0.981943910784
11006,热门影视,0.936687502559
11006,少儿乐园,0.869940880397
11006,今日上线,0.545499557016
10179,热点专题,1.00317104705
10179,精彩点,0.991206890171
10179,今日上线,0.960663687802
10179,动漫剧场,0.939418613645
10179,少儿乐园,0.847610978634
10179,院线大片,0.824897453679
10179,热门影视,0.795860040856
10179,免费睇,0.76728548504
10179,潮语专区,0.642824179097
10179,珠江在线,0.602904378484
10799,少儿乐园,0.799770517269
10799,精彩点,0.621736238133
10799,免费睇,0.616451390839
10799,珠江在线,0.616424098099
10799,热点专题,0.605401280745
10799,动漫剧场,0.588751030814
10799,今日上线,0.585337703872
10799,院线大片,0.514346764417
10418,珠江在线,2.35468201225
10418,精彩点,2.28424236101
10418,动漫剧场,2.22505318194
10418,院线大片,1.92836801864
10418,热门影视,1.8659061729
10418,今日上线,1.09289775086
10418,热点专题,0.735746740954
10418,少儿乐园,0.653667134716
10746,珠江在线,0.883979350395
10746,热点专题,0.871498858231
10746,今日上线,0.8371842711
10746,动漫剧场,0.830614370326
10746,潮语专区,0.740711768071
10746,院线大片,0.731628541269
10746,热门影视,0.700916886795
10746,精彩点,0.693004172975
10746,免费睇,0.653286744563
10746,少儿乐园,0.631802884528
10749,少儿乐园,1.53996190176
10749,热点专题,1.36352527948
10749,精彩点,1.35554184925
10749,免费睇,1.34223967741
10749,动漫剧场,1.24028189011
10749,院线大片,1.1305302721
10749,热门影视,1.11023640662
10749,珠江在线,0.560298890343
10485,少儿乐园,0.560128560427
10485,珠江在线,0.543886971896
10485,潮语专区,0.536380169241
10485,免费睇,0.533814531322
10485,动漫剧场,0.532728930982
10485,今日上线,0.511409438494
10485,精彩点,0.500895212573
10805,少儿乐园,0.873331677107
10805,热点专题,0.806687935334
10805,动漫剧场,0.805958655718
10805,珠江在线,0.804858863095
10805,今日上线,0.753632727474
10805,精彩点,0.751446491038
10805,院线大片,0.658743897714
10805,潮语专区,0.653932202372
10805,热门影视,0.65
10661,少儿乐园,0.650396375762
10661,珠江在线,0.631537365414
10661,潮语专区,0.622820799995
10661,免费睇,0.619841695335
10661,动漫剧场,0.618581144497
10661,今日上线,0.593825897885
10661,精彩点,0.581617246308
10661,院线大片,0.5
10661,热门影视,0.5
10910,精彩点,0.783837973404
10910,珠江在线,0.764698810887
10910,热点专题,0.754368677123
10910,免费睇,0.747702537885
10910,今日上线,0.723167880424
10910,动漫剧场,0.707676057708
10910,院线大片,0.638811066658
10910,热门影视,0.592959675088
10533,少儿乐园,0.713655750027
10533,精彩点,0.554791195428
10533,免费睇,0.550075390608
10533,珠江在线,0.550051036597
10533,热点专题,0.54021509389
10533,动漫剧场,0.525357648728
10533,今日上线,0.522311849531
10104,少儿乐园,0.710317218429
10104,精彩点,0.552195843346
10104,免费睇,0.547502099393
10104,珠江在线,0.547477859311
10104,热点专题,0.537687929833
10104,动漫剧场,0.522899988841
10104,今日上线,0.519868438106
10395,精彩点,0.759267854128
10395,珠江在线,0.742642141736
10395,热点专题,0.732087291617
10395,免费睇,0.728797859723
10395,今日上线,0.702772847826
10395,动漫剧场,0.690811008389
10395,院线大片,0.620269281078
10395,热门影视,0.577413642115
10395,少儿乐园,0.551946406198
10793,少儿乐园,0.730680616292
10793,精彩点,0.56802621232
10793,免费睇,0.563197907957
10793,珠江在线,0.56317297296
10793,热点专题,0.553102385455
10793,动漫剧场,0.537890503274
10793,今日上线,0.534772043941
11125,少儿乐园,0.579034446877
10055,少儿乐园,0.712857128591
10055,精彩点,0.554170352478
10055,免费睇,0.549459824913
10055,珠江在线,0.549435498155
10055,热点专题,0.539610562428
10055,动漫剧场,0.524769743594
10055,今日上线,0.521727352819
10367,热点专题,1.72045196922
10367,精彩点,1.69677783675
10367,动漫剧场,1.56370375539
10367,院线大片,1.4166917983
10367,热门影视,1.38712792562
10367,潮语专区,1.27287316293
10367,免费睇,1.25227605455
10367,少儿乐园,1.18160085129
10003,精彩点,0.669731721557
10003,热点专题,0.659509718146
10003,免费睇,0.648402605984
10003,今日上线,0.635009634016
10003,动漫剧场,0.604473597597
10003,潮语专区,0.574674588422
10003,院线大片,0.546676263259
10003,少儿乐园,0.535916143383
10003,珠江在线,0.524598357032
10003,热门影视,0.518684553208
10975,少儿乐园,0.607082785617
11102,少儿乐园,0.897436082847
11102,珠江在线,0.820395915925
11102,免费睇,0.808847912414
11102,动漫剧场,0.798778353263
11102,今日上线,0.773229938115
11102,精彩点,0.772761156082
11102,院线大片,0.657904656944
11102,热门影视,0.648879734667
11102,潮语专区,0.638624128303
10959,少儿乐园,1.00923137532
10959,潮语专区,0.971837026632
10959,珠江在线,0.962188655843
10959,动漫剧场,0.934041700939
10959,今日上线,0.90934093619
10959,院线大片,0.772583663911
10959,热门影视,0.772583663911
10959,免费睇,0.724239768031
10959,精彩点,0.673857740262
10691,热点专题,1.14700825617
10691,精彩点,1.13716488797
10691,今日上线,1.09818778865
10691,动漫剧场,1.0656791977
10691,院线大片,0.942640985847
10691,热门影视,0.906832343497
10691,免费睇,0.857320375606
10691,潮语专区,0.799927592426
10691,少儿乐园,0.739794437721
10691,珠江在线,0.555985018371
10542,少儿乐园,1.10334027444
10542,珠江在线,0.976492798893
10542,热点专题,0.974557581239
10542,动漫剧场,0.9682918967
10542,精彩点,0.927145678873
10542,今日上线,0.917066963456
10542,院线大片,0.80250591951
10542,热门影视,0.784663116154
10152,珠江在线,1.55811508982
10152,热点专题,1.5327391781
10152,动漫剧场,1.48110188698
10152,今日上线,1.47873462657
10152,院线大片,1.28663027678
10152,少儿乐园,1.27441278254
10152,热门影视,1.24796707862
10152,精彩点,0.553138819348
10152,免费睇,0.545929494501
11260,精彩点,0.840385331034
11260,珠江在线,0.813720826368
11260,热点专题,0.804406859684
11260,免费睇,0.787087647031
11260,今日上线,0.768038372837
11260,动漫剧场,0.741652948947
11260,潮语专区,0.702711695045
11260,院线大片,0.680135933146
11260,热门影视,0.625972152455
10491,少儿乐园,0.72847660543
10491,精彩点,0.566312829053
10491,免费睇,0.561499088693
10491,珠江在线,0.56147422891
10491,热点专题,0.55143401813
10491,动漫剧场,0.536268020776
10491,今日上线,0.533158967903
11177,精彩点,0.822003222369
11177,珠江在线,0.803601589385
11177,热点专题,0.792289927141
11177,免费睇,0.788062871932
11177,今日上线,0.760362420959
11177,动漫剧场,0.746772322529
11177,院线大片,0.671208162682
11177,热门影视,0.624483946729
11177,少儿乐园,0.534963645693
11148,精彩点,0.816004410065
11148,珠江在线,0.795059948444
11148,热点专题,0.784598253328
11148,免费睇,0.775970177493
11148,今日上线,0.751632933375
11148,动漫剧场,0.733882750213
11148,院线大片,0.664235952358
11148,热门影视,0.615672289465
10217,精彩点,1.01948514721
10217,珠江在线,0.993973152258
10217,热点专题,0.98071487929
10217,免费睇,0.971019987645
10217,今日上线,0.939840283414
10217,动漫剧场,0.918706329333
10217,院线大片,0.83037893784
10217,热门影视,0.770238989223
10674,少儿乐园,0.673837965095
10674,精彩点,0.523837116376
10674,免费睇,0.519384425674
10674,珠江在线,0.519361430473
10674,热点专题,0.510074275401
10449,少儿乐园,0.735168270363
10449,精彩点,0.571514884508
10449,免费睇,0.56665692593
10449,珠江在线,0.566631837789
10449,热点专题,0.556499399303
10449,动漫剧场,0.54119408962
10449,今日上线,0.538056477504
10720,精彩点,0.6742378797
10720,珠江在线,0.654453241556
10720,热点专题,0.64651968234
10720,免费睇,0.635286842151
10720,今日上线,0.618104785978
10720,动漫剧场,0.599494472348
10720,潮语专区,0.568037267637
10720,院线大片,0.546916219314
10720,热门影视,0.504770649637
10450,少儿乐园,0.726023473462
10450,精彩点,0.564405780707
10450,免费睇,0.559608250533
10450,珠江在线,0.559583474464
10450,热点专题,0.549577073915
10450,动漫剧场,0.534462147786
10450,今日上线,0.531363564594
10122,少儿乐园,0.761419699772
10122,珠江在线,0.741349782967
10122,潮语专区,0.740091852109
10122,动漫剧场,0.733256378239
10122,今日上线,0.69550395982
10122,精彩点,0.680680405218
10122,院线大片,0.591226415094
10122,热门影视,0.591226415094
10122,免费睇,0.581229726345
10990,精彩点,0.907186353483
10990,珠江在线,0.880693465843
10990,热点专题,0.869982372478
10990,免费睇,0.855079374616
10990,今日上线,0.831810598575
10990,动漫剧场,0.806973008966
10990,院线大片,0.735973826057
10990,热门影视,0.679370706498
10990,潮语专区,0.605291898464
10832,精彩点,0.800323877962
10832,珠江在线,0.778931119689
10832,热点专题,0.768914338781
10832,免费睇,0.759043644627
10832,今日上线,0.736178632124
10832,动漫剧场,0.717415976296
10832,院线大片,0.650812776996
10832,热门影视,0.602489398928
10832,潮语专区,0.503408996729
10763,珠江在线,0.940580404086
10763,免费睇,0.909463671143
10763,今日上线,0.894391099262
10763,动漫剧场,0.879788796303
10763,少儿乐园,0.818866113906
10763,院线大片,0.774339616542
10763,热门影视,0.744936475528
10763,热点专题,0.722823251269
10763,精彩点,0.668660934561
10763,潮语专区,0.590562675436
10925,少儿乐园,0.650396375762
10925,珠江在线,0.631537365414
10925,潮语专区,0.622820799995
10925,免费睇,0.619841695335
10925,动漫剧场,0.618581144497
10925,今日上线,0.593825897885
10925,精彩点,0.581617246308
10925,院线大片,0.5
10925,热门影视,0.5
10871,少儿乐园,0.61311409845
10324,精彩点,0.691401106251
10324,珠江在线,0.674910148342
10324,热点专题,0.6656861057
10324,免费睇,0.660453630119
10324,今日上线,0.638350450677
10324,动漫剧场,0.625307872255
10324,院线大片,0.563780021632
10324,热门影视,0.523654398087
11315,潮语专区,0.814057756064
11315,热点专题,0.805630011903
11315,少儿乐园,0.799957492674
11315,珠江在线,0.777140361772
11315,今日上线,0.726377763402
11315,精彩点,0.724691748402
11315,院线大片,0.650249496982
11315,热门影视,0.650249496982
11315,动漫剧场,0.595018998577
10887,精彩点,0.69155998365
10887,珠江在线,0.678235501599
10887,免费睇,0.668115132451
10887,热点专题,0.668100558567
10887,今日上线,0.642263529668
10887,动漫剧场,0.634261804353
10887,少儿乐园,0.613690848949
10887,院线大片,0.56636546475
10887,热门影视,0.528812702959
10838,潮语专区,0.824437095277
10838,少儿乐园,0.823380309296
10838,热点专题,0.80930290496
10838,动漫剧场,0.790935598015
10838,今日上线,0.757493180562
10838,精彩点,0.741910704499
10838,院线大片,0.65
10838,热门影视,0.65
10838,珠江在线,0.640227439845
10951,精彩点,0.948245031813
10951,珠江在线,0.925115065698
10951,热点专题,0.912611470669
10951,免费睇,0.904586142415
10951,今日上线,0.874877610034
10951,动漫剧场,0.856173925231
10951,院线大片,0.77281753224
10951,热门影视,0.717368176008
10905,潮语专区,0.633390490659
10905,少儿乐园,0.625708174113
10905,动漫剧场,0.623465356997
10905,热点专题,0.619061386872
10905,珠江在线,0.61383690519
10905,今日上线,0.572257436914
10905,精彩点,0.558854340337
10708,精彩点,1.56291048346
10708,热点专题,1.54249763307
10708,免费睇,1.51814969404
10708,今日上线,1.4863673282
10708,动漫剧场,1.41468374843
10708,院线大片,1.27702162508
10708,热门影视,1.214686479
10721,精彩点,0.812063821718
10721,珠江在线,0.797742094955
10721,免费睇,0.787671289658
10721,热点专题,0.785461456649
10721,今日上线,0.755751094136
10721,动漫剧场,0.748462394462
10721,少儿乐园,0.717414313894
10721,院线大片,0.666080318054
10721,热门影视,0.623062808047
10786,少儿乐园,0.720195939297
10786,精彩点,0.559875494719
10786,免费睇,0.555116472625
10786,珠江在线,0.555091895425
10786,热点专题,0.545165812722
10786,动漫剧场,0.53017220877
10786,今日上线,0.527098496811
10751,精彩点,0.819253338851
10751,珠江在线,0.803764038803
10751,免费睇,0.792179452658
10751,热点专题,0.791673022042
10751,今日上线,0.761205570759
10751,动漫剧场,0.752196478222
10751,少儿乐园,0.671659551919
10751,院线大片,0.671171133104
10751,热门影视,0.626925091549
11189,精彩点,0.640341258145
11189,珠江在线,0.624119139158
11189,热点专题,0.615848332928
11189,免费睇,0.609431216429
11189,今日上线,0.590080918741
11189,动漫剧场,0.57649166151
11189,院线大片,0.521409799346
11237,热点专题,1.37604771829
11237,精彩点,1.36061947743
11237,今日上线,1.31319073839
11237,动漫剧场,1.31029216615
11237,院线大片,1.13878146346
11237,热门影视,1.09479509679
11237,少儿乐园,1.04036233169
11237,珠江在线,0.942897015974
11237,免费睇,0.695824463626
10376,珠江在线,1.74226337062
10376,精彩点,1.70748012763
10376,动漫剧场,1.66519716286
10376,今日上线,1.6410141077
10376,院线大片,1.4324311733
10376,热门影视,1.37108196832
10376,热点专题,0.884144098736
10376,免费睇,0.782180090219
10376,少儿乐园,0.562940033883
11271,少儿乐园,0.60491177544
10207,少儿乐园,1.85301990847
10207,精彩点,1.60337847192
10207,动漫剧场,1.59633225986
10207,今日上线,1.59626594655
10207,院线大片,1.35842573853
10207,热门影视,1.33700773552
10207,热点专题,1.15049126391
10207,潮语专区,0.51983537662
10207,免费睇,0.502182325513
11162,热点专题,1.77896541028
11162,珠江在线,1.73247878995
11162,精彩点,1.71965895147
11162,今日上线,1.63008723938
11162,院线大片,1.46959301639
11162,热门影视,1.41420868722
11162,潮语专区,1.03954075807
11162,免费睇,0.731472145375
10842,珠江在线,0.914295553092
10842,精彩点,0.909600618539
10842,热点专题,0.893255436214
10842,免费睇,0.871447234
10842,动漫剧场,0.810169700193
10842,潮语专区,0.760228497543
10842,院线大片,0.754100847935
10842,热门影视,0.723931672588
10842,少儿乐园,0.632239528523
10570,少儿乐园,1.22256116323
10570,珠江在线,1.0515583369
10570,热点专题,1.04620917427
10570,动漫剧场,1.03523261698
10570,精彩点,1.010565163
10570,今日上线,0.989705367898
10570,院线大片,0.866779879687
10570,热门影视,0.841879520406
11214,珠江在线,1.88410535708
11214,精彩点,1.81535293848
11214,动漫剧场,1.77933124984
11214,院线大片,1.53864425771
11214,热门影视,1.49741976633
11214,少儿乐园,1.10870089997
11214,潮语专区,0.90031876572
11214,今日上线,0.874116176202
11214,热点专题,0.716710625451
11214,免费睇,0.653911119561
10165,精彩点,0.951806712634
10165,珠江在线,0.92786331289
10165,热点专题,0.91552102615
10165,免费睇,0.906262769228
10165,今日上线,0.877300542233
10165,动漫剧场,0.857370664445
10165,院线大片,0.775157457087
10165,热门影视,0.718908071869
10979,少儿乐园,0.822782721511
10979,精彩点,0.639625771427
10979,免费睇,0.634188860532
10979,珠江在线,0.634160782484
10979,热点专题,0.622820799995
10979,动漫剧场,0.605691463947
10979,今日上线,0.60217992361
10979,院线大片,0.529146325714
10979,热门影视,0.5
10868,精彩点,0.545548680846
10868,珠江在线,0.531864664869
10868,热点专题,0.524779045462
10868,免费睇,0.519538135728
10868,今日上线,0.502890973342
10523,精彩点,0.996010790104
10523,珠江在线,0.993757774011
10523,热点专题,0.973509900223
10523,免费睇,0.966758580691
10523,动漫剧场,0.909587331333
10523,少儿乐园,0.866333493707
10523,院线大片,0.824042802775
10523,热门影视,0.784421439132
10523,今日上线,0.64665768002
10827,精彩点,0.717416620051
10827,珠江在线,0.700713266034
10827,热点专题,0.691025159411
10827,免费睇,0.686271415683
10827,今日上线,0.662854668246
10827,动漫剧场,0.649970636143
10827,院线大片,0.585309657239
10827,热门影视,0.544006612698
10827,少儿乐园,0.504848295128
11266,珠江在线,1.57003109089
11266,热点专题,1.55503614837
11266,动漫剧场,1.48931391375
11266,今日上线,1.48174975353
11266,院线大片,1.2985829659
11266,热门影视,1.24270533665
11266,精彩点,1.16715008678
11266,潮语专区,0.801097767674
11013,热点专题,1.30895233055
11013,精彩点,1.29305902251
11013,今日上线,1.24970906986
11013,动漫剧场,1.2168292615
11013,院线大片,1.07423280528
11013,热门影视,1.03363749577
11013,潮语专区,1.01394078451
11013,免费睇,0.796628336676
11013,少儿乐园,0.609655509661
11013,珠江在线,0.555002058968
11159,精彩点,0.767069180195
11159,珠江在线,0.766212357692
11159,热点专题,0.750111617175
11159,免费睇,0.735202590016
11159,动漫剧场,0.686606413228
11159,院线大片,0.633777375105
11159,潮语专区,0.61533266075
11159,热门影视,0.604193079816
11159,少儿乐园,0.589039140838
10196,珠江在线,1.47254190392
10196,精彩点,1.43310034852
10196,今日上线,1.38455543327
10196,院线大片,1.23697747345
10196,热门影视,1.20580505601
10196,潮语专区,1.09478154067
10196,热点专题,1.06727226499
10196,少儿乐园,0.996058120387
10196,免费睇,0.699378079142
10196,动漫剧场,0.552914339615
11012,精彩点,1.0250602469
11012,珠江在线,0.997417104983
11012,热点专题,0.984657245528
11012,免费睇,0.971612264593
11012,今日上线,0.942613707597
11012,动漫剧场,0.91819551903
11012,院线大片,0.833377054191
11012,热门影视,0.771286104234
10156,少儿乐园,0.822782721511
10156,精彩点,0.639625771427
10156,免费睇,0.634188860532
10156,珠江在线,0.634160782484
10156,热点专题,0.622820799995
10156,动漫剧场,0.605691463947
10156,今日上线,0.60217992361
10156,院线大片,0.529146325714
10156,热门影视,0.5
11295,精彩点,1.08093506911
11295,珠江在线,1.0525182615
11295,热点专题,1.03885272007
11295,免费睇,1.02631033988
11295,今日上线,0.994865451055
11295,动漫剧场,0.970282654889
11295,院线大片,0.879371381375
11295,热门影视,0.814493038081
10512,珠江在线,1.34054700107
10512,动漫剧场,1.2995275867
10512,精彩点,1.28600816101
10512,今日上线,1.25853154119
10512,院线大片,1.09591569551
10512,潮语专区,1.06941338007
10512,热门影视,1.06242518909
10512,热点专题,0.821473624204
10512,少儿乐园,0.794829509231
10169,免费睇,1.69825559533
10169,今日上线,1.66572179393
10169,动漫剧场,1.61972454033
10169,院线大片,1.41962261398
10169,热门影视,1.37823342587
10169,精彩点,1.25091974767
10169,少儿乐园,1.12394250587
10169,潮语专区,0.725451420106
10169,珠江在线,0.6898542388
10169,热点专题,0.64148937509
11021,精彩点,0.574011801281
11021,珠江在线,0.558050667127
11021,热点专题,0.551043463554
11021,免费睇,0.542941339043
11021,今日上线,0.527271385202
11021,动漫剧场,0.512831556617
11231,珠江在线,1.29065609474
11231,精彩点,1.28715216311
11231,免费睇,1.26100805469
11231,今日上线,1.21821305699
11231,动漫剧场,1.21082849788
11231,院线大片,1.06255286777
11231,热门影视,1.00532566701
11231,热点专题,0.639358049493
11231,潮语专区,0.550638559969
10882,精彩点,0.539705200338
10882,珠江在线,0.524039382561
10882,热点专题,0.517639773318
10882,免费睇,0.508931559
10882,潮语专区,0.502317346118
11103,珠江在线,1.35643765244
11103,精彩点,1.31752561064
11103,动漫剧场,1.30544244586
11103,今日上线,1.27714827572
11103,院线大片,1.11165268777
11103,热门影视,1.07089017436
11103,少儿乐园,0.921682099148
11103,热点专题,0.737542529579
11103,免费睇,0.737295352012
11103,潮语专区,0.571810938428
10310,精彩点,1.06583668327
10310,珠江在线,1.04034293716
10310,热点专题,1.02614413763
10310,免费睇,1.01795887292
10310,今日上线,0.983970422247
10310,动漫剧场,0.96375004897
10310,院线大片,0.869045325374
10310,热门影视,0.807130656943
10970,少儿乐园,0.951153633367
10970,珠江在线,0.762906706368
10970,免费睇,0.74510453113
10970,热点专题,0.74359587663
10970,今日上线,0.728821763
10970,动漫剧场,0.717944132747
10970,院线大片,0.63392001464
10970,热门影视,0.609171036205
10970,精彩点,0.575490516843
10389,少儿乐园,1.16259645526
10389,潮语专区,1.11852015296
10389,免费睇,1.09807691541
10389,今日上线,1.07596118497
10389,精彩点,1.05880821055
10389,动漫剧场,1.04307531908
10389,院线大片,0.889628012978
10389,热门影视,0.889628012978
10938,精彩点,1.01433298461
10938,珠江在线,0.990295727019
10938,热点专题,0.976718671218
10938,免费睇,0.969300707111
10938,今日上线,0.936689490417
10938,动漫剧场,0.917803502916
10938,院线大片,0.827225008852
10938,热门影视,0.768485107272
10698,精彩点,0.527264159995
10698,珠江在线,0.513076078841
10698,热点专题,0.506503904193
11004,精彩点,0.741890301438
11004,珠江在线,0.725310456281
11004,热点专题,0.715093107512
11004,免费睇,0.711324962188
11004,今日上线,0.686290734376
11004,动漫剧场,0.67407024547
11004,院线大片,0.605813782247
11004,热门影视,0.563666429323
11004,少儿乐园,0.535539025956
11035,精彩点,0.725231209768
11035,珠江在线,0.708970112756
11035,热点专题,0.698997544613
11035,免费睇,0.695225361023
11035,今日上线,0.67081650624
11035,动漫剧场,0.658785228498
11035,院线大片,0.592168794627
11035,热门影视,0.550924241727
11035,少儿乐园,0.53167693687
10843,精彩点,1.13176713122
10843,珠江在线,1.10365658073
10843,热点专题,1.08887754355
10843,免费睇,1.07846458325
10843,今日上线,1.04360145549
10843,动漫剧场,1.02047596138
10843,院线大片,0.921997160828
10843,热门影视,0.855405683195
10096,精彩点,0.706059631165
10096,珠江在线,0.687793505478
10096,热点专题,0.678782544077
10096,免费睇,0.671079207572
10096,今日上线,0.650190644714
10096,动漫剧场,0.634603533057
10096,院线大片,0.574628512866
10096,热门影视,0.532491120654
11122,精彩点,1.00618993198
11122,珠江在线,0.980924524898
11122,热点专题,0.967863840529
11122,免费睇,0.95815281797
11122,今日上线,0.927481415472
11122,动漫剧场,0.906486060866
11122,院线大片,0.819483165364
11122,热门影视,0.760057368825
10848,少儿乐园,0.822782721511
10848,精彩点,0.639625771427
10848,免费睇,0.634188860532
10848,珠江在线,0.634160782484
10848,热点专题,0.622820799995
10848,动漫剧场,0.605691463947
10848,今日上线,0.60217992361
10848,院线大片,0.529146325714
10848,热门影视,0.5
10234,珠江在线,1.43818447978
10234,热点专题,1.39905756258
10234,免费睇,1.37712218359
10234,动漫剧场,1.31772134875
10234,少儿乐园,1.19103056229
10234,院线大片,1.19070237981
10234,热门影视,1.14929572996
10234,今日上线,1.04128762288
11121,精彩点,0.879297258568
11121,珠江在线,0.855173238627
11121,热点专题,0.844345845865
11121,免费睇,0.832474271926
11121,今日上线,0.808085435388
11121,动漫剧场,0.786484462832
11121,院线大片,0.714552364959
11121,热门影视,0.660955382208
11121,潮语专区,0.52312283219
11027,少儿乐园,0.822782721511
11027,精彩点,0.639625771427
11027,免费睇,0.634188860532
11027,珠江在线,0.634160782484
11027,热点专题,0.622820799995
11027,动漫剧场,0.605691463947
11027,今日上线,0.60217992361
11027,院线大片,0.529146325714
11027,热门影视,0.5
10026,少儿乐园,0.569553560736
10913,少儿乐园,0.822782721511
10913,精彩点,0.639625771427
10913,免费睇,0.634188860532
10913,珠江在线,0.634160782484
10913,热点专题,0.622820799995
10913,动漫剧场,0.605691463947
10913,今日上线,0.60217992361
10913,院线大片,0.529146325714
10913,热门影视,0.5
10051,少儿乐园,1.16427935491
10051,热点专题,1.00373700616
10051,精彩点,0.977009177116
10051,动漫剧场,0.966095109428
10051,今日上线,0.958655470041
10051,院线大片,0.826127064448
10051,热门影视,0.804511837673
10051,珠江在线,0.73272278529
10051,免费睇,0.588645877658
11030,珠江在线,1.17515757108
11030,免费睇,1.12595973857
11030,动漫剧场,1.07463453228
11030,院线大片,0.966762252291
11030,潮语专区,0.94947492006
11030,热门影视,0.927158572779
11030,精彩点,0.901666779929
11030,热点专题,0.870055369976
11030,今日上线,0.867424747622
11030,少儿乐园,0.563869234858
10889,珠江在线,1.13859964923
10889,热点专题,1.1086420205
10889,今日上线,1.08828250237
10889,免费睇,1.08458359549
10889,动漫剧场,1.04421097845
10889,院线大片,0.944849765982
10889,热门影视,0.905979478237
10889,少儿乐园,0.740218071782
10889,潮语专区,0.710843993038
10343,热点专题,1.91835225609
10343,今日上线,1.87251774581
10343,免费睇,1.87087083926
10343,动漫剧场,1.76548177429
10343,院线大片,1.60075616613
10343,热门影视,1.54407076627
10343,潮语专区,1.08114453922
10760,精彩点,0.824370442029
10760,珠江在线,0.808522997674
10760,免费睇,0.796508252003
10760,热点专题,0.796431391253
10760,今日上线,0.765649554682
10760,动漫剧场,0.756168311268
10760,院线大片,0.675160811203
10760,少儿乐园,0.660724349066
10760,热门影视,0.630425506433
10012,珠江在线,1.2905463468
10012,热点专题,1.25519165582
10012,免费睇,1.22896061615
10012,动漫剧场,1.15670437328
10012,院线大片,1.06374167292
10012,少儿乐园,1.06096130747
10012,热门影视,1.03220796258
10012,精彩点,0.897725015303
10012,潮语专区,0.674407184655
10940,少儿乐园,0.570944846401
11239,珠江在线,0.928522529268
11239,热点专题,0.90988164437
11239,免费睇,0.900858850215
11239,今日上线,0.882981919862
11239,动漫剧场,0.860563881772
11239,院线大片,0.773174825031
11239,精彩点,0.742792934024
11239,热门影视,0.730635067072
11239,少儿乐园,0.691788251756
10903,珠江在线,1.08726116145
10903,热点专题,1.06666844487
10903,免费睇,1.04677370154
10903,今日上线,1.03281451973
10903,动漫剧场,0.997402855638
10903,院线大片,0.905576149039
10903,热门影视,0.851507590855
10903,精彩点,0.794932514248
10903,潮语专区,0.615963504754
10703,珠江在线,1.12936572097
10703,热点专题,1.10740795834
10703,免费睇,1.09015025089
10703,今日上线,1.07331350218
10703,动漫剧场,1.03982599492
10703,院线大片,0.940517231203
10703,热门影视,0.88616337317
10703,精彩点,0.805466874382
11217,珠江在线,1.23787537526
11217,热点专题,1.20483972525
11217,免费睇,1.17152600948
11217,动漫剧场,1.10500923438
11217,院线大片,1.02147360015
11217,潮语专区,0.996989865105
11217,热门影视,0.986504949931
11217,精彩点,0.750178417347
11217,少儿乐园,0.712881897426
11136,少儿乐园,0.767321071395
11136,精彩点,0.596510256464
11136,免费睇,0.591439833636
11136,珠江在线,0.591413648258
11136,热点专题,0.580838064588
11136,动漫剧场,0.564863372673
11136,今日上线,0.561588536167
11106,精彩点,1.04257583683
11106,珠江在线,1.03872965641
11106,热点专题,1.03084374596
11106,今日上线,0.978263799604
11106,动漫剧场,0.974512372731
11106,院线大片,0.862964188066
11106,热门影视,0.810912608523
11106,潮语专区,0.730969071802
11106,免费睇,0.726630278616
11008,少儿乐园,0.636368946296
10299,精彩点,0.71651236781
10299,珠江在线,0.702593619626
10299,热点专题,0.692125530728
10299,免费睇,0.691952733137
10299,今日上线,0.665302389671
10299,动漫剧场,0.656831372341
10299,少儿乐园,0.61936677523
10299,院线大片,0.586712742187
10299,热门影视,0.547712584464
10657,少儿乐园,0.822782721511
10657,精彩点,0.639625771427
10657,免费睇,0.634188860532
10657,珠江在线,0.634160782484
10657,热点专题,0.622820799995
10657,动漫剧场,0.605691463947
10657,今日上线,0.60217992361
10657,院线大片,0.529146325714
10657,热门影视,0.5
10288,精彩点,0.848225663924
10288,珠江在线,0.82998940139
10288,热点专题,0.818101210041
10288,免费睇,0.814984869215
10288,今日上线,0.785512353086
10288,动漫剧场,0.772685771462
10288,院线大片,0.693202996346
10288,热门影视,0.64560104922
10288,少儿乐园,0.570639648071
11144,免费睇,1.45061500986
11144,精彩点,1.4388294981
11144,今日上线,1.41100131833
11144,动漫剧场,1.38558412026
11144,院线大片,1.19832952279
11144,热门影视,1.16575998938
11144,潮语专区,1.01464990188
11144,少儿乐园,0.996739165224
11144,珠江在线,0.67562770833
11220,免费睇,1.8346464353
11220,动漫剧场,1.73340577029
11220,院线大片,1.56677356861
11220,热门影视,1.51575526125
11220,热点专题,1.34777225751
11220,珠江在线,1.18429009379
11220,精彩点,1.11275629137
11220,潮语专区,1.09267785257
11220,今日上线,0.898613120492
11220,少儿乐园,0.604058143416
10058,精彩点,0.821965035699
10058,珠江在线,0.797197646382
10058,热点专题,0.787711547401
10058,免费睇,0.772945009549
10058,今日上线,0.752763328945
10058,动漫剧场,0.729044667711
10058,院线大片,0.666244993958
10058,潮语专区,0.635471738476
10058,热门影视,0.614337542335
10255,少儿乐园,0.667278316436
10255,精彩点,0.518737689487
10255,免费睇,0.514328344645
10255,珠江在线,0.514305573297
10255,热点专题,0.50510882642
10413,少儿乐园,1.33842143826
10413,珠江在线,1.14519839949
10413,热点专题,1.13870925779
10413,动漫剧场,1.12589567019
10413,精彩点,1.10302376658
10413,今日上线,1.07827266649
10413,院线大片,0.944490673122
10413,热门影视,0.916217309068
11133,少儿乐园,0.725604602258
11133,精彩点,0.564080153042
11133,免费睇,0.55928539075
11133,珠江在线,0.559260628975
11133,热点专题,0.549260001508
11133,动漫剧场,0.534153795768
11133,今日上线,0.531057000269
10484,精彩点,0.902705161855
10484,热点专题,0.887133400999
10484,免费睇,0.874094739031
10484,今日上线,0.854101070535
10484,动漫剧场,0.816637676537
10484,院线大片,0.737232446568
10484,热门影视,0.69835049856
10484,珠江在线,0.625373133061
10484,少儿乐园,0.58713720795
10484,潮语专区,0.583707276586
10388,精彩点,0.712495991863
10388,珠江在线,0.69775846458
10388,热点专题,0.687606128626
10388,免费睇,0.685949681905
10388,今日上线,0.660507637367
10388,动漫剧场,0.650657307025
10388,院线大片,0.582729232799
10388,少儿乐园,0.581302882805
10388,热门影视,0.543217272988
10280,少儿乐园,0.711041423629
10280,精彩点,0.552758835614
10280,免费睇,0.548060306145
10280,珠江在线,0.548036041349
10280,热点专题,0.538236130531
10280,动漫剧场,0.523433112467
10280,今日上线,0.520398470909
10967,少儿乐园,0.679290281335
10967,精彩点,0.528075710467
10967,免费睇,0.523586991106
10967,珠江在线,0.523563809841
10967,热点专题,0.514201508355
10967,动漫剧场,0.500059510475
10270,免费睇,1.87372988143
10270,精彩点,1.84216126633
10270,今日上线,1.77129260998
10270,院线大片,1.55016006941
10270,热门影视,1.50118414713
10270,珠江在线,0.991805298433
10270,潮语专区,0.916153849168
10270,动漫剧场,0.790772552306
10270,少儿乐园,0.782134507278
10270,热点专题,0.776532525588
10164,精彩点,0.769581976279
10164,珠江在线,0.746969659013
10164,热点专题,0.737922793456
10164,免费睇,0.725051967446
10164,今日上线,0.705475534029
10164,动漫剧场,0.684185914491
10164,院线大片,0.624232551922
10164,潮语专区,0.596824273121
10164,热门影视,0.576102792826
10303,少儿乐园,0.731728100331
10303,精彩点,0.568840519389
10303,免费睇,0.564005293299
10303,珠江在线,0.563980322556
10303,热点专题,0.553895298129
10303,动漫剧场,0.538661608603
10303,今日上线,0.535538678731
10775,少儿乐园,1.19366134767
10775,热点专题,1.09098667052
10775,精彩点,1.04829667439
10775,今日上线,1.04641622977
10775,动漫剧场,1.01926604991
10775,院线大片,0.882099107541
10775,热门影视,0.870776870268
10775,潮语专区,0.762314550955
10775,免费睇,0.668541995299
10446,今日上线,2.55834059012
10446,院线大片,2.22848817195
10446,热门影视,2.16348375655
10446,精彩点,1.85750704852
10446,免费睇,1.46917958765
10446,热点专题,1.2391558
10446,动漫剧场,1.1842636663
10446,珠江在线,0.93552275504
10446,少儿乐园,0.572827465615
10968,少儿乐园,0.524742259593
10916,珠江在线,0.78320708712
10916,热点专题,0.762972287358
10916,今日上线,0.748308185764
10916,免费睇,0.747278744141
10916,动漫剧场,0.719043141055
10916,少儿乐园,0.667681600495
10916,院线大片,0.650108413349
10916,潮语专区,0.624202817666
10916,热门影视,0.622703181172
10865,精彩点,0.76198406103
10865,珠江在线,0.740446394904
10865,热点专题,0.731244785427
10865,免费睇,0.719910497813
10865,今日上线,0.699522027856
10865,动漫剧场,0.679797169633
10865,院线大片,0.618729192801
10865,热门影视,0.571768050876
10865,潮语专区,0.558065165561
11222,精彩点,1.05275846955
11222,珠江在线,1.04690264996
11222,热点专题,1.03725447739
11222,今日上线,0.987210548215
11222,动漫剧场,0.983558912743
11222,院线大片,0.870509982265
11222,热门影视,0.817962548666
11222,免费睇,0.793103056092
11222,潮语专区,0.518238613452
10394,精彩点,0.829699128958
10394,珠江在线,0.810104361535
10394,热点专题,0.798979430056
10394,免费睇,0.793022819542
10394,今日上线,0.766268413875
10394,动漫剧场,0.750926918779
10394,院线大片,0.676701451358
10394,热门影视,0.628708333941
10284,精彩点,0.939224335969
10284,珠江在线,0.918135147528
10284,热点专题,0.90522857032
10284,免费睇,0.900293754299
10284,今日上线,0.868717969462
10284,动漫剧场,0.853088988943
10284,院线大片,0.766876149315
10284,热门影视,0.713437222215
10284,少儿乐园,0.512304413684
11040,精彩点,1.17955644953
11040,珠江在线,1.17687602922
11040,热点专题,1.16782683637
11040,今日上线,1.10850871675
11040,动漫剧场,1.10641123819
11040,院线大片,0.977539902044
11040,热门影视,0.919757420821
11040,免费睇,0.747681809252
11040,潮语专区,0.678033901171
10059,精彩点,0.991847243266
10059,珠江在线,0.966735159503
10059,热点专题,0.953919934968
10059,免费睇,0.9440049531
10059,今日上线,0.914014962427
10059,动漫剧场,0.892989835235
10059,院线大片,0.807641662689
10059,热门影视,0.748894498988
10019,少儿乐园,0.710097261826
10019,精彩点,0.552024850558
10019,免费睇,0.547332560067
10019,珠江在线,0.547308327492
10019,热点专题,0.537521429561
10019,动漫剧场,0.522738067797
10019,今日上线,0.519707455811
10228,少儿乐园,0.523746047646
10935,少儿乐园,0.692873704287
10935,精彩点,0.538635372401
10935,免费睇,0.534056894397
10935,珠江在线,0.534033249588
10935,热点专题,0.524483734912
10935,动漫剧场,0.510058946679
10935,今日上线,0.50710184282
10146,珠江在线,0.950574049514
10146,热点专题,0.933326178787
10146,免费睇,0.909400725739
10146,今日上线,0.902275104103
10146,动漫剧场,0.864854254048
10146,潮语专区,0.838321103337
10146,院线大片,0.791840525898
10146,热门影视,0.741826171925
10146,精彩点,0.735271121089
10242,少儿乐园,0.726023473462
10242,精彩点,0.564405780707
10242,免费睇,0.559608250533
10242,珠江在线,0.559583474464
10242,热点专题,0.549577073915
10242,动漫剧场,0.534462147786
10242,今日上线,0.531363564594
10791,热点专题,1.2106933283
10791,精彩点,1.17214047706
10791,动漫剧场,1.16075428884
10791,今日上线,1.14695580587
10791,院线大片,0.993560200588
10791,热门影视,0.964346480744
10791,少儿乐园,0.961704543936
10791,珠江在线,0.894296594115
10791,潮语专区,0.792983226277
11166,精彩点,0.983717909267
11166,珠江在线,0.958983639649
11166,热点专题,0.946224147974
11166,免费睇,0.936675156301
11166,今日上线,0.906727886258
11166,动漫剧场,0.886148720643
11166,院线大片,0.801155342011
11166,热门影视,0.743029760985
10907,少儿乐园,0.600714169413
10907,珠江在线,0.527613012147
10907,精彩点,0.517593820447
10907,热点专题,0.513416700006
10907,免费睇,0.508030796923
10154,少儿乐园,0.749846913385
10154,珠江在线,0.640838198953
10154,免费睇,0.635205396391
10154,精彩点,0.61962696239
10154,动漫剧场,0.619503296665
10154,今日上线,0.605689481087
10154,院线大片,0.521700672395
10154,热门影视,0.506263575208
10964,精彩点,0.861341417807
10964,珠江在线,0.839805628861
10964,热点专题,0.828598618313
10964,免费睇,0.820438658586
10964,今日上线,0.79407344072
10964,动漫剧场,0.776247650059
10964,院线大片,0.701584114202
10964,热门影视,0.650788420568
11110,珠江在线,1.18424792736
11110,免费睇,1.16338767811
11110,精彩点,1.15468451098
11110,动漫剧场,1.12995857962
11110,今日上线,1.11758885137
11110,院线大片,0.965371486563
11110,热门影视,0.929175257732
11110,少儿乐园,0.921006926956
11110,潮语专区,0.538017296781
10211,珠江在线,1.01438757521
10211,热点专题,0.993410503349
10211,免费睇,0.973659926345
10211,今日上线,0.96499198621
10211,动漫剧场,0.929953108884
10211,院线大片,0.844131781549
10211,热门影视,0.797333710669
10211,精彩点,0.679801529145
10211,潮语专区,0.663021776336
11278,精彩点,0.695333871344
11278,珠江在线,0.680424460451
11278,热点专题,0.670667698735
11278,免费睇,0.668178936487
11278,今日上线,0.643971834702
11278,动漫剧场,0.63352052737
11278,院线大片,0.568284697647
11278,少儿乐园,0.555249301066
11278,热门影视,0.529295354998
10390,精彩点,1.30808596859
10390,珠江在线,1.29480548698
10390,免费睇,1.26581586929
10390,今日上线,1.22329659483
10390,动漫剧场,1.2073166555
10390,院线大片,1.07338300175
10390,热门影视,1.00657865416
10390,热点专题,0.97197875081
10457,少儿乐园,0.924924823373
10457,免费睇,0.778436070645
10457,热点专题,0.766588249065
10457,精彩点,0.755325355699
10457,珠江在线,0.752226069473
10457,今日上线,0.712530562172
10457,院线大片,0.64154502315
10457,热门影视,0.616714914323
10457,动漫剧场,0.555096288288
10458,精彩点,1.49970875843
10458,热点专题,1.48034975441
10458,免费睇,1.45802236222
10458,今日上线,1.42673954039
10458,动漫剧场,1.35910290573
10458,院线大片,1.2258228128
10458,热门影视,1.16634347106
10482,精彩点,0.580826379952
10482,珠江在线,0.567073269228
10482,热点专题,0.559295612216
10482,免费睇,0.555066288313
10482,今日上线,0.536379401054
10482,动漫剧场,0.525582554182
10271,少儿乐园,0.610093370168
11026,精彩点,1.37151199249
11026,热点专题,1.36157564738
11026,免费睇,1.33190376119
11026,动漫剧场,1.2336837487
11026,院线大片,1.13247246494
11026,热门影视,1.09284143277
11026,潮语专区,0.855189638472
11026,少儿乐园,0.792605419137
11026,珠江在线,0.738974669548
11026,今日上线,0.556866344141
10374,少儿乐园,0.819902981986
10374,精彩点,0.637387081227
10374,免费睇,0.63196919952
10374,珠江在线,0.631941219746
10374,热点专题,0.620640927195
10374,动漫剧场,0.603571543823
10374,今日上线,0.600072293877
10374,院线大片,0.527294313574
10972,少儿乐园,0.709415760452
10972,精彩点,0.551495055959
10972,免费睇,0.546807268799
10972,珠江在线,0.54678305948
10972,热点专题,0.537005554324
10972,动漫剧场,0.522236380591
10972,今日上线,0.519208677173
10956,珠江在线,1.36493354527
10956,精彩点,1.34944280198
10956,免费睇,1.33181604454
10956,今日上线,1.28723316893
10956,动漫剧场,1.28450352046
10956,院线大片,1.1181641406
10956,热门影视,1.06397579485
10956,潮语专区,0.799338984858
10534,珠江在线,1.64704479582
10534,热点专题,1.60828066764
10534,免费睇,1.57723397438
10534,动漫剧场,1.48831264531
10534,院线大片,1.36300851803
10534,热门影视,1.30543642285
10534,精彩点,1.08174212538
10534,少儿乐园,0.62894944259
10534,今日上线,0.547919405777
10788,少儿乐园,0.518637240262
10636,珠江在线,1.30182477146
10636,热点专题,1.27635577152
10636,免费睇,1.25869467032
10636,今日上线,1.23737088803
10636,动漫剧场,1.20102082917
10636,院线大片,1.08414094658
10636,热门影视,1.02220610594
10636,精彩点,0.853226409846
11174,潮语专区,1.1245557647
11174,精彩点,0.966272381358
11174,珠江在线,0.963461407997
11174,免费睇,0.928108784615
11174,今日上线,0.906822506563
11174,动漫剧场,0.888345403621
11174,院线大片,0.79190955058
11174,热门影视,0.743333333333
11174,热点专题,0.57729282485
10405,少儿乐园,0.608813927583
10405,热点专题,0.52444095351
10405,免费睇,0.520586611653
10405,精彩点,0.519368275071
10405,今日上线,0.509155839866
10311,精彩点,0.887895183351
10311,珠江在线,0.859722979707
10311,热点专题,0.849882538212
10311,免费睇,0.831583775146
10311,今日上线,0.811457891548
10311,动漫剧场,0.783580390354
10311,潮语专区,0.719115843013
10311,院线大片,0.718586135708
10311,热门影视,0.661360076951
11031,少儿乐园,0.590902361985
10222,少儿乐园,0.594465529513
10222,热点专题,0.505059305299
10222,免费睇,0.502650292839
10222,精彩点,0.50203944987
11099,精彩点,1.15284932449
11099,珠江在线,1.14538004472
11099,热点专题,1.13396997076
11099,今日上线,1.08069874028
11099,动漫剧场,1.07668804595
11099,院线大片,0.952783906913
11099,热门影视,0.895205226021
11099,免费睇,0.86716053722
11241,精彩点,0.942009656241
11241,珠江在线,0.918375707433
11241,热点专题,0.906142402201
11241,免费睇,0.897083733598
11241,今日上线,0.868345231303
11241,动漫剧场,0.848720724239
11241,院线大片,0.767227474777
11241,热门影视,0.711608381499
10004,珠江在线,1.66657233172
10004,免费睇,1.60096691641
10004,动漫剧场,1.52529832641
10004,院线大片,1.3667177407
10004,热门影视,1.3274558704
10004,少儿乐园,1.2388065297
10004,精彩点,1.10541582811
10004,热点专题,1.00133219556
10004,潮语专区,0.549570482768
11112,免费睇,1.6285904327
11112,珠江在线,1.61359525672
11112,精彩点,1.59610568152
11112,今日上线,1.52234141947
11112,院线大片,1.3496867855
11112,热门影视,1.300119407
11112,少儿乐园,0.826853436284
11112,动漫剧场,0.738772975996
11112,热点专题,0.562546222009
11112,潮语专区,0.554125613724
10056,少儿乐园,0.785789315083
10056,免费睇,0.65728747484
10056,热点专题,0.647164339031
10056,精彩点,0.639459351131
10056,珠江在线,0.636638147704
10056,今日上线,0.603145418601
10056,院线大片,0.542151235904
10056,动漫剧场,0.523969233056
10056,热门影视,0.520565911658
11322,少儿乐园,0.826686310975
11322,珠江在线,0.709665251585
11322,精彩点,0.699437584332
11322,热点专题,0.691632493568
11322,免费睇,0.687698824387
11322,动漫剧场,0.644124060129
11322,院线大片,0.585250530712
11322,热门影视,0.567405561985
10401,珠江在线,1.75099684077
10401,精彩点,1.69098967564
10401,今日上线,1.6471557676
10401,院线大片,1.46007393693
10401,热门影视,1.4286793501
10401,少儿乐园,1.39090353846
10401,潮语专区,0.893799995095
10401,热点专题,0.706263001636
10401,免费睇,0.695547083252
10401,动漫剧场,0.649048166501
11130,精彩点,0.830312123424
11130,珠江在线,0.809581865187
11130,热点专题,0.798770061641
11130,免费睇,0.790953255065
11130,今日上线,0.765502738897
11130,动漫剧场,0.748366390993
11130,院线大片,0.676332999177
11130,热门影视,0.627391392846
10039,少儿乐园,0.657103884134
10039,珠江在线,0.530956047919
10039,热点专题,0.516803156919
10039,免费睇,0.516322211635
10039,今日上线,0.507786316188
11168,精彩点,2.35024608548
11168,动漫剧场,2.26693363322
11168,院线大片,1.98370234065
11168,热门影视,1.94015864759
11168,潮语专区,1.78782950576
11168,珠江在线,1.14459198796
11168,少儿乐园,0.856606529824
11168,热点专题,0.810900331881
11168,免费睇,0.548875555613
11168,今日上线,0.541744219806
11152,潮语专区,0.625310216484
11152,少儿乐园,0.617725904605
11152,动漫剧场,0.615511699502
11152,热点专题,0.611163911601
11152,珠江在线,0.606006079553
11152,今日上线,0.564957047885
11152,精彩点,0.551724936975
11286,精彩点,0.710968380989
11286,珠江在线,0.696420987969
11286,热点专题,0.686244973172
11286,免费睇,0.684854529141
11286,今日上线,0.659279838277
11286,动漫剧场,0.649702856947
11286,少儿乐园,0.587345316011
11286,院线大片,0.581602658072
11286,热门影视,0.5423045361
11058,精彩点,1.22212732415
11058,珠江在线,1.22035627332
11058,热点专题,1.20868669032
11058,动漫剧场,1.15360170582
11058,今日上线,1.15125685136
11058,院线大片,1.01417409519
11058,热门影视,0.956568037561
11058,免费睇,0.828029907311
11058,少儿乐园,0.543691689193
10524,精彩点,1.00335412891
10524,珠江在线,0.97576554718
10524,热点专题,0.963428040283
10524,免费睇,0.949780580561
10524,今日上线,0.922022827499
10524,动漫剧场,0.897277215871
10524,院线大片,0.815318726438
10524,热门影视,0.754110263899
10136,精彩点,0.722463854628
10136,珠江在线,0.704487979097
10136,热点专题,0.69506280586
10136,免费睇,0.688363546085
10136,今日上线,0.666145850854
10136,动漫剧场,0.651333572505
10136,院线大片,0.588532736843
10136,热门影视,0.545998394918
11169,免费睇,1.87152626239
11169,今日上线,1.85364222462
11169,动漫剧场,1.79672373134
11169,院线大片,1.57891241594
11169,热门影视,1.54100248061
11169,少儿乐园,1.35571785776
11169,珠江在线,0.912799051765
11169,潮语专区,0.858339064162
11169,热点专题,0.661453860902
10697,珠江在线,1.38858612312
10697,热点专题,1.36527477162
10697,今日上线,1.3180352139
10697,动漫剧场,1.30311190248
10697,院线大片,1.14749387923
10697,热门影视,1.10737587771
10697,潮语专区,0.998631772654
10697,少儿乐园,0.720369506262
10697,免费睇,0.71157896892
10697,精彩点,0.5060370728
10693,珠江在线,0.918228208793
10693,热点专题,0.895465434966
10693,免费睇,0.882035341809
10693,今日上线,0.876609259116
10693,动漫剧场,0.847879535968
10693,少儿乐园,0.784921085359
10693,院线大片,0.762720042207
10693,热门影视,0.729330327691
10693,精彩点,0.523800462174
10693,潮语专区,0.506246571171
11003,精彩点,0.78951360069
11003,珠江在线,0.769845015714
11003,热点专题,0.759552120412
11003,免费睇,0.752190693531
11003,今日上线,0.727939875184
11003,动漫剧场,0.711714058883
11003,院线大片,0.643133811359
11003,热门影视,0.596632091845
10961,精彩点,0.831892042619
10961,珠江在线,0.809951935008
10961,热点专题,0.799455063946
10961,免费睇,0.789685825226
10961,今日上线,0.765568855807
10961,动漫剧场,0.74653780387
10961,院线大片,0.67671325644
10961,热门影视,0.626725266544
11193,珠江在线,1.90111117245
11193,免费睇,1.83034698602
11193,今日上线,1.80612018948
11193,动漫剧场,1.77269101785
11193,院线大片,1.56138169504
11193,热门影视,1.50303791033
11193,潮语专区,0.767878541896
11193,热点专题,0.533383270025
10213,少儿乐园,0.855464588189
10213,热点专题,0.78341189618
10213,珠江在线,0.782265176135
10213,动漫剧场,0.781885778646
10213,今日上线,0.732890812771
10213,精彩点,0.73269969982
10213,院线大片,0.640751114655
10213,热门影视,0.631153846154
10213,潮语专区,0.617731061786
10769,精彩点,0.705131886173
10769,珠江在线,0.688764235997
10769,热点专题,0.679227782397
10769,免费睇,0.674637687668
10769,今日上线,0.651563254762
10769,动漫剧场,0.638978887942
10769,院线大片,0.575325553703
10769,热门影视,0.534770229826
10769,少儿乐园,0.506277304692
10678,精彩点,1.00601046359
10678,珠江在线,0.982940735134
10678,热点专题,0.969254264067
10678,免费睇,0.963172374554
10678,今日上线,0.929919179236
10678,动漫剧场,0.912413695392
10678,院线大片,0.821034421983
10678,热门影视,0.763403866296
10560,珠江在线,1.59680846353
10560,热点专题,1.56077714111
10560,免费睇,1.53243265554
10560,今日上线,1.52150857626
10560,动漫剧场,1.46790148543
10560,院线大片,1.32766464593
10560,热门影视,1.26101807593
10061,精彩点,1.35187178043
10061,珠江在线,1.3413505225
10061,热点专题,1.32839371711
10061,今日上线,1.26523489173
10061,动漫剧场,1.25784723301
10061,院线大片,1.11592621431
10061,热门影视,1.0470310219
10061,免费睇,0.941885736495
10330,精彩点,1.33788057845
10330,珠江在线,1.3310575549
10330,免费睇,1.30039227207
10330,今日上线,1.25695036054
10330,动漫剧场,1.24358615881
10330,院线大片,1.10026903202
10330,热门影视,1.03529679576
10330,热点专题,0.84566904759
10766,少儿乐园,0.758609504857
10766,精彩点,0.589737943044
10766,免费睇,0.584725085853
10766,珠江在线,0.584699197763
10766,热点专题,0.574243681043
10766,动漫剧场,0.558450353353
10766,今日上线,0.555212696793
10877,精彩点,0.903928399698
10877,珠江在线,0.881078768082
10877,热点专题,0.869389047507
10877,免费睇,0.860413334181
10877,今日上线,0.833038628603
10877,动漫剧场,0.813935238115
10877,院线大片,0.736079340049
10877,热门影视,0.682569324994
11018,少儿乐园,1.54203369222
11018,热点专题,1.36551280973
11018,免费睇,1.36083634033
11018,珠江在线,1.33838755839
11018,今日上线,1.27593344519
11018,院线大片,1.1426085326
11018,热门影视,1.1242324163
11018,潮语专区,0.604612150941
11028,精彩点,0.892501961176
11028,珠江在线,0.872730425302
11028,热点专题,0.860388911201
11028,免费睇,0.856144165269
11028,今日上线,0.825822037941
11028,动漫剧场,0.811397801189
11028,院线大片,0.72893539705
11028,热门影视,0.678373557481
11028,少儿乐园,0.53747019511
10306,少儿乐园,0.738020576993
10306,精彩点,0.57373224856
10306,免费睇,0.568855442069
10306,珠江在线,0.568830256591
10306,热点专题,0.558658506259
10306,动漫剧场,0.543293815019
10306,今日上线,0.540144029593
10236,少儿乐园,1.37572045599
10236,热点专题,1.24088462165
10236,珠江在线,1.19391085428
10236,精彩点,1.17606989757
10236,今日上线,1.12611407997
10236,院线大片,1.02320476099
10236,热门影视,0.999925778825
10236,免费睇,0.914062498445
10981,少儿乐园,0.822782721511
10981,精彩点,0.639625771427
10981,免费睇,0.634188860532
10981,珠江在线,0.634160782484
10981,热点专题,0.622820799995
10981,动漫剧场,0.605691463947
10981,今日上线,0.60217992361
10981,院线大片,0.529146325714
10981,热门影视,0.5
10292,珠江在线,1.30250220907
10292,免费睇,1.28336415952
10292,精彩点,1.2720159503
10292,动漫剧场,1.24551995427
10292,今日上线,1.23013828229
10292,少儿乐园,1.10984662642
10292,院线大片,1.06367795962
10292,热门影视,1.02351085096
10645,精彩点,0.771159761526
10645,珠江在线,0.753798662256
10645,热点专题,0.743214657884
10645,免费睇,0.739087379187
10645,今日上线,0.713215606587
10645,动漫剧场,0.70031071496
10645,院线大片,0.629616188874
10645,热门影视,0.585702466484
10645,少儿乐园,0.531394931827
10268,少儿乐园,0.746926168162
10268,精彩点,0.580655395427
10268,免费睇,0.575719741195
10268,珠江在线,0.575694251807
10268,热点专题,0.565399760385
10268,动漫剧场,0.549849665563
10268,今日上线,0.546661872116
10835,精彩点,1.33486503611
10835,珠江在线,1.32683463859
10835,免费睇,1.29631436378
10835,今日上线,1.2530463328
10835,动漫剧场,1.23909167207
10835,院线大片,1.09731881294
10835,热门影视,1.03186380634
10835,热点专题,0.869561195059
11289,精彩点,1.10740386372
11289,珠江在线,1.09658308064
11289,免费睇,1.06833462623
11289,今日上线,1.0351893701
11289,动漫剧场,1.01908872436
11289,院线大片,0.907867340616
11289,热门影视,0.850757901595
11289,热点专题,0.832948261864
11289,潮语专区,0.622519122184
10064,精彩点,1.07529338704
10064,珠江在线,1.07062088215
10064,免费睇,1.04005353984
10064,今日上线,1.00967705185
10064,动漫剧场,0.994902546448
10064,院线大片,0.883029736616
10064,潮语专区,0.841013093293
10064,热门影视,0.829996871369
10064,热点专题,0.701660808289
10160,珠江在线,0.965837363888
10160,精彩点,0.962847957026
10160,免费睇,0.941933151082
10160,今日上线,0.911229290429
10160,动漫剧场,0.904602502675
10160,院线大片,0.79451483279
10160,热门影视,0.751538857861
10160,潮语专区,0.702119619263
10160,热点专题,0.615452633349
10272,热点专题,1.36772281324
10272,免费睇,1.36479899727
10272,精彩点,1.34281751154
10272,珠江在线,1.32487985249
10272,今日上线,1.25074646697
10272,院线大片,1.13765469204
10272,热门影视,1.08667226243
10272,少儿乐园,0.604399202097
10272,潮语专区,0.570817834457
10025,少儿乐园,0.793056378024
10025,精彩点,0.616516711298
10025,免费睇,0.611276230732
10025,珠江在线,0.611249167117
10025,热点专题,0.600318887221
10025,动漫剧场,0.583808417507
10025,今日上线,0.580423745725
10025,院线大片,0.510028781043
10105,少儿乐园,0.708446396655
10105,精彩点,0.550741479042
10105,免费睇,0.546060097394
10105,珠江在线,0.546035921155
10105,热点专题,0.536271776232
10105,动漫剧场,0.521522783475
10105,今日上线,0.518499217188
10507,珠江在线,1.13313100582
10507,热点专题,1.10737187709
10507,免费睇,1.09631170009
10507,今日上线,1.07997383395
10507,动漫剧场,1.05126016007
10507,院线大片,0.94233352651
10507,热门影视,0.896973155819
10507,少儿乐园,0.877371962695
10507,精彩点,0.657880030213
10539,少儿乐园,0.822782721511
10539,精彩点,0.639625771427
10539,免费睇,0.634188860532
10539,珠江在线,0.634160782484
10539,热点专题,0.622820799995
10539,动漫剧场,0.605691463947
10539,今日上线,0.60217992361
10539,院线大片,0.529146325714
10539,热门影视,0.5
10795,珠江在线,1.17600708244
10795,热点专题,1.14839619857
10795,今日上线,1.12130018781
10795,免费睇,1.11919401281
10795,动漫剧场,1.07269963782
10795,院线大片,0.977107401502
10795,热门影视,0.928969989508
10795,潮语专区,0.889741921456
11155,精彩点,0.847589382823
11155,珠江在线,0.83166339665
11155,免费睇,0.819813710097
11155,热点专题,0.819125785993
11155,今日上线,0.78765155689
11155,动漫剧场,0.778488451942
11155,院线大片,0.694462094545
11155,少儿乐园,0.684387405558
11155,热门影视,0.648766361597
10050,精彩点,0.905610906241
10050,珠江在线,0.904125092278
10050,热点专题,0.885288721251
10050,免费睇,0.868494301005
10050,动漫剧场,0.811629289222
10050,院线大片,0.748096264995
10050,热门影视,0.712751861945
10050,潮语专区,0.631149794553
10050,少儿乐园,0.621821673684
10050,今日上线,0.512014955091
10258,少儿乐园,0.733305100547
10258,精彩点,0.570066468785
10258,免费睇,0.565220821949
10258,珠江在线,0.565195797389
10258,热点专题,0.555089037995
10258,动漫剧场,0.539822517242
10258,今日上线,0.536692856918
10538,热点专题,1.68520960063
10538,免费睇,1.65220713769
10538,今日上线,1.63974881726
10538,动漫剧场,1.55690887496
10538,院线大片,1.40604673318
10538,热门影视,1.35061091045
10538,精彩点,0.863160246298
10538,少儿乐园,0.639456827941
10538,潮语专区,0.584928012143
10538,珠江在线,0.551055436111
11138,少儿乐园,0.722202550774
11138,精彩点,0.561435421027
11138,免费睇,0.556663139337
11138,珠江在线,0.55663849366
11138,热点专题,0.546684754883
11138,动漫剧场,0.53164937572
11138,今日上线,0.528567099778
11210,少儿乐园,0.78702164218
11210,潮语专区,0.773783189036
11210,珠江在线,0.76789138101
11210,动漫剧场,0.765212916373
11210,今日上线,0.719139865915
11210,精彩点,0.703391121583
11210,院线大片,0.615829357589
11210,热门影视,0.615829357589
10107,少儿乐园,1.26118828567
10107,免费睇,1.19440570558
10107,珠江在线,1.14249851522
10107,精彩点,1.11005870669
10107,今日上线,1.0772331012
10107,院线大片,0.967836441101
10107,热门影视,0.955515520687
10107,潮语专区,0.770600336473
10107,热点专题,0.532581511104
10380,少儿乐园,0.580937550661
10380,潮语专区,0.558166320073
10380,免费睇,0.550115600966
10380,今日上线,0.535572786949
10380,动漫剧场,0.530184226906
10380,精彩点,0.526332950143
10756,精彩点,0.803384487904
10756,珠江在线,0.777217210242
10756,热点专题,0.768507323902
10756,免费睇,0.750830283703
10756,今日上线,0.733418825661
10756,潮语专区,0.717648946625
10756,动漫剧场,0.707118379672
10756,院线大片,0.649666349723
10756,热门影视,0.597336107651
10836,精彩点,0.7907802496
10836,热点专题,0.783803575448
10836,免费睇,0.769453995435
10836,今日上线,0.755728359531
10836,动漫剧场,0.714549993231
10836,潮语专区,0.656026376466
10836,院线大片,0.646009082493
10836,热门影视,0.61685572728
10836,少儿乐园,0.601344782601
10247,精彩点,0.913187688994
10247,珠江在线,0.891193894294
10247,热点专题,0.879072004768
10247,免费睇,0.871808628089
10247,今日上线,0.842866601403
10247,动漫剧场,0.825301535291
10247,院线大片,0.74446358887
10247,热门影视,0.691293135101
10279,精彩点,1.36493010469
10279,免费睇,1.36327021602
10279,今日上线,1.32748809477
10279,动漫剧场,1.30078679723
10279,院线大片,1.13277511342
10279,热门影视,1.09480340381
10279,潮语专区,1.07047722973
10279,珠江在线,0.797708616216
10279,少儿乐园,0.714264690431
10335,精彩点,1.10627457283
10335,热点专题,1.08514995815
10335,免费睇,1.07424307553
10335,今日上线,1.04521578359
10335,动漫剧场,1.00713651367
10335,院线大片,0.905030343869
10335,热门影视,0.856490157511
10335,珠江在线,0.73737194391
10335,少儿乐园,0.670155364792
10351,少儿乐园,0.561019446694
10351,珠江在线,0.544752025864
10351,潮语专区,0.537233283616
10351,免费睇,0.534663565041
10351,动漫剧场,0.533576238051
10351,今日上线,0.512222836841
10351,精彩点,0.50169188801
11327,珠江在线,1.09913409781
11327,热点专题,1.09182174516
11327,精彩点,1.0816263245
11327,动漫剧场,1.05510679384
11327,今日上线,1.03502470224
11327,院线大片,0.909925449961
11327,热门影视,0.868376272657
11327,少儿乐园,0.786572290911
11327,免费睇,0.521589977705
10622,珠江在线,1.28418888471
10622,热点专题,1.27620178539
10622,精彩点,1.2639487689
10622,动漫剧场,1.23124890138
10622,今日上线,1.20885012587
10622,院线大片,1.06299400295
10622,热门影视,1.01390681945
10622,少儿乐园,0.718494713543
11086,珠江在线,1.24995696634
11086,热点专题,1.22021679178
11086,今日上线,1.19209760654
11086,免费睇,1.18711904594
11086,动漫剧场,1.13813039901
11086,院线大片,1.03832988001
11086,潮语专区,0.989772678646
11086,热门影视,0.98767682924
11118,少儿乐园,0.727569403019
11118,精彩点,0.565607575981
11118,免费睇,0.560799830374
11118,珠江在线,0.56077500155
11118,热点专题,0.550747294265
11118,动漫剧场,0.535600183762
11118,今日上线,0.532495002723
11134,精彩点,1.11485735366
11134,珠江在线,1.10617928376
11134,热点专题,1.09675119124
11134,今日上线,1.04243934262
11134,动漫剧场,1.0345164949
11134,院线大片,0.919917191483
11134,热门影视,0.862195888378
11134,免费睇,0.81152524086
11134,潮语专区,0.673790942235
11182,精彩点,1.16865775724
11182,热点专题,1.15326502099
11182,免费睇,1.12882844676
11182,今日上线,1.11005577553
11182,动漫剧场,1.04867849531
11182,院线大片,0.95247171074
11182,热门影视,0.904842443373
11182,潮语专区,0.859369979973
11262,精彩点,0.889895652082
11262,珠江在线,0.871511451224
11262,热点专题,0.858824837832
11262,免费睇,0.856793585057
11262,今日上线,0.824990060433
11262,动漫剧场,0.812723317962
11262,院线大片,0.727836731601
11262,热门影视,0.678505459928
11262,少儿乐园,0.608132910797
10175,热点专题,1.69072676923
10175,精彩点,1.67322720943
10175,动漫剧场,1.57564037304
10175,院线大片,1.40171242447
10175,热门影视,1.35648875939
10175,珠江在线,1.09753675069
10175,少儿乐园,0.882800270568
10175,免费睇,0.815049683508
10175,潮语专区,0.809477314128
10175,今日上线,0.801563259441
10393,少儿乐园,0.822782721511
10393,精彩点,0.639625771427
10393,免费睇,0.634188860532
10393,珠江在线,0.634160782484
10393,热点专题,0.622820799995
10393,动漫剧场,0.605691463947
10393,今日上线,0.60217992361
10393,院线大片,0.529146325714
10393,热门影视,0.5
