用户号,机顶盒设备号,节目名称,节目ID,观看次数,分类,二级目录,分类名称,二级目录ID,分类名称ID,观看时长,点播日期,最早观看时间,最近观看时间,观看时间跨度,语种,地区,时间跨度,使用时长,总观看时长,一级标签,二级标签,地区参数,字母语种,正题名
10076,10313,那年花开月正圆,1875,1,精彩点/大陆剧场,精彩点,大陆剧场,2,11,2700,,2017-09-01 20:54,2017-09-01 20:54,0.000000,国语,大陆,5433660.000000,7759380.000000,205800,节目分类,大陆剧场,大陆,中文,那年花开月正圆
10076,10313,那年花开月正圆,1875,1,精彩点/大陆剧场,精彩点,大陆剧场,2,11,2700,,2017-09-01 20:54,2017-09-01 20:54,0.000000,国语,大陆,5433660.000000,7759380.000000,205800,地区,大陆,大陆,中文,那年花开月正圆
10076,10313,那年花开月正圆,1875,1,精彩点/大陆剧场,精彩点,大陆剧场,2,11,2700,,2017-09-01 20:54,2017-09-01 20:54,0.000000,国语,大陆,5433660.000000,7759380.000000,205800,节目归属,精彩点,大陆,中文,那年花开月正圆
10076,10313,那年花开月正圆,1875,1,精彩点/大陆剧场,精彩点,大陆剧场,2,11,2700,,2017-09-01 20:54,2017-09-01 20:54,0.000000,国语,大陆,5433660.000000,7759380.000000,205800,语言,中文,大陆,中文,那年花开月正圆
10868,10242,那年花开月正圆,1875,4,精彩点/大陆剧场,精彩点,大陆剧场,2,11,2580,,2017-09-17 22:06,2017-09-25 21:45,689940.000000,国语,大陆,5902740.000000,6035340.000000,48840,节目分类,大陆剧场,大陆,中文,那年花开月正圆
10868,10242,那年花开月正圆,1875,4,精彩点/大陆剧场,精彩点,大陆剧场,2,11,2580,,2017-09-17 22:06,2017-09-25 21:45,689940.000000,国语,大陆,5902740.000000,6035340.000000,48840,地区,大陆,大陆,中文,那年花开月正圆
10868,10242,那年花开月正圆,1875,4,精彩点/大陆剧场,精彩点,大陆剧场,2,11,2580,,2017-09-17 22:06,2017-09-25 21:45,689940.000000,国语,大陆,5902740.000000,6035340.000000,48840,节目归属,精彩点,大陆,中文,那年花开月正圆
10868,10242,那年花开月正圆,1875,4,精彩点/大陆剧场,精彩点,大陆剧场,2,11,2580,,2017-09-17 22:06,2017-09-25 21:45,689940.000000,国语,大陆,5902740.000000,6035340.000000,48840,语言,中文,大陆,中文,那年花开月正圆
11244,10133,那年花开月正圆,1875,21,精彩点/大陆剧场,精彩点,大陆剧场,2,11,2456.16,20170901,2017-09-01 00:00,2017-09-29 00:00,2419200.000000,国语,大陆,3196800.000000,3196800.000000,5080.25,节目分类,大陆剧场,大陆,中文,那年花开月正圆
11244,10133,那年花开月正圆,1875,21,精彩点/大陆剧场,精彩点,大陆剧场,2,11,2456.16,20170901,2017-09-01 00:00,2017-09-29 00:00,2419200.000000,国语,大陆,3196800.000000,3196800.000000,5080.25,地区,大陆,大陆,中文,那年花开月正圆
11244,10133,那年花开月正圆,1875,21,精彩点/大陆剧场,精彩点,大陆剧场,2,11,2456.16,20170901,2017-09-01 00:00,2017-09-29 00:00,2419200.000000,国语,大陆,3196800.000000,3196800.000000,5080.25,节目归属,精彩点,大陆,中文,那年花开月正圆
11244,10133,那年花开月正圆,1875,21,精彩点/大陆剧场,精彩点,大陆剧场,2,11,2456.16,20170901,2017-09-01 00:00,2017-09-29 00:00,2419200.000000,国语,大陆,3196800.000000,3196800.000000,5080.25,语言,中文,大陆,中文,那年花开月正圆
10148,10280,楚乔传,1163,22,精彩点/大陆剧场,精彩点,大陆剧场,2,11,120,,2017-07-07 08:40,2017-09-19 21:12,6438720.000000,国语,大陆,6927600.000000,7441200.000000,102060,节目分类,大陆剧场,大陆,中文,楚乔传
10148,10280,楚乔传,1163,22,精彩点/大陆剧场,精彩点,大陆剧场,2,11,120,,2017-07-07 08:40,2017-09-19 21:12,6438720.000000,国语,大陆,6927600.000000,7441200.000000,102060,地区,大陆,大陆,中文,楚乔传
10148,10280,楚乔传,1163,22,精彩点/大陆剧场,精彩点,大陆剧场,2,11,120,,2017-07-07 08:40,2017-09-19 21:12,6438720.000000,国语,大陆,6927600.000000,7441200.000000,102060,节目归属,精彩点,大陆,中文,楚乔传
10148,10280,楚乔传,1163,22,精彩点/大陆剧场,精彩点,大陆剧场,2,11,120,,2017-07-07 08:40,2017-09-19 21:12,6438720.000000,国语,大陆,6927600.000000,7441200.000000,102060,语言,中文,大陆,中文,楚乔传
11037,10255,楚乔传,1163,19,精彩点/大陆剧场,精彩点,大陆剧场,2,11,1740,,2017-07-12 06:56,2017-08-02 20:26,1863000.000000,国语,大陆,2753580.000000,7860060.000000,252840,节目分类,大陆剧场,大陆,中文,楚乔传
11037,10255,楚乔传,1163,19,精彩点/大陆剧场,精彩点,大陆剧场,2,11,1740,,2017-07-12 06:56,2017-08-02 20:26,1863000.000000,国语,大陆,2753580.000000,7860060.000000,252840,地区,大陆,大陆,中文,楚乔传
11037,10255,楚乔传,1163,19,精彩点/大陆剧场,精彩点,大陆剧场,2,11,1740,,2017-07-12 06:56,2017-08-02 20:26,1863000.000000,国语,大陆,2753580.000000,7860060.000000,252840,节目归属,精彩点,大陆,中文,楚乔传
11037,10255,楚乔传,1163,19,精彩点/大陆剧场,精彩点,大陆剧场,2,11,1740,,2017-07-12 06:56,2017-08-02 20:26,1863000.000000,国语,大陆,2753580.000000,7860060.000000,252840,语言,中文,大陆,中文,楚乔传
10448,11152,楚乔传,1163,1,精彩点/大陆剧场,精彩点,大陆剧场,2,11,60,,2017-07-13 10:41,2017-07-13 10:41,0.000000,国语,大陆,785820.000000,7556280.000000,117180,节目分类,大陆剧场,大陆,中文,楚乔传
10448,11152,楚乔传,1163,1,精彩点/大陆剧场,精彩点,大陆剧场,2,11,60,,2017-07-13 10:41,2017-07-13 10:41,0.000000,国语,大陆,785820.000000,7556280.000000,117180,地区,大陆,大陆,中文,楚乔传
10448,11152,楚乔传,1163,1,精彩点/大陆剧场,精彩点,大陆剧场,2,11,60,,2017-07-13 10:41,2017-07-13 10:41,0.000000,国语,大陆,785820.000000,7556280.000000,117180,节目归属,精彩点,大陆,中文,楚乔传
10448,11152,楚乔传,1163,1,精彩点/大陆剧场,精彩点,大陆剧场,2,11,60,,2017-07-13 10:41,2017-07-13 10:41,0.000000,国语,大陆,785820.000000,7556280.000000,117180,语言,中文,大陆,中文,楚乔传
10270,10521,楚乔传,1163,11,精彩点/大陆剧场,精彩点,大陆剧场,2,11,2100,,2017-07-07 23:43,2017-07-29 00:18,1816500.000000,国语,大陆,1816500.000000,6483180.000000,11220,节目分类,大陆剧场,大陆,中文,楚乔传
10270,10521,楚乔传,1163,11,精彩点/大陆剧场,精彩点,大陆剧场,2,11,2100,,2017-07-07 23:43,2017-07-29 00:18,1816500.000000,国语,大陆,1816500.000000,6483180.000000,11220,地区,大陆,大陆,中文,楚乔传
10270,10521,楚乔传,1163,11,精彩点/大陆剧场,精彩点,大陆剧场,2,11,2100,,2017-07-07 23:43,2017-07-29 00:18,1816500.000000,国语,大陆,1816500.000000,6483180.000000,11220,节目归属,精彩点,大陆,中文,楚乔传
10270,10521,楚乔传,1163,11,精彩点/大陆剧场,精彩点,大陆剧场,2,11,2100,,2017-07-07 23:43,2017-07-29 00:18,1816500.000000,国语,大陆,1816500.000000,6483180.000000,11220,语言,中文,大陆,中文,楚乔传
11067,11147,非诚勿扰：最帅机长丑拒终选区女生,1994,2,精彩点/综艺娱乐,精彩点,综艺娱乐,2,21,2400,,2017-08-02 16:40,2017-08-02 17:20,2400.000000,国语,大陆,2821620.000000,7938360.000000,472020,节目分类,综艺娱乐,大陆,中文,非诚勿扰：最帅机长丑拒终选区女生
11067,11147,非诚勿扰：最帅机长丑拒终选区女生,1994,2,精彩点/综艺娱乐,精彩点,综艺娱乐,2,21,2400,,2017-08-02 16:40,2017-08-02 17:20,2400.000000,国语,大陆,2821620.000000,7938360.000000,472020,地区,大陆,大陆,中文,非诚勿扰：最帅机长丑拒终选区女生
11067,11147,非诚勿扰：最帅机长丑拒终选区女生,1994,2,精彩点/综艺娱乐,精彩点,综艺娱乐,2,21,2400,,2017-08-02 16:40,2017-08-02 17:20,2400.000000,国语,大陆,2821620.000000,7938360.000000,472020,节目归属,精彩点,大陆,中文,非诚勿扰：最帅机长丑拒终选区女生
11067,11147,非诚勿扰：最帅机长丑拒终选区女生,1994,2,精彩点/综艺娱乐,精彩点,综艺娱乐,2,21,2400,,2017-08-02 16:40,2017-08-02 17:20,2400.000000,国语,大陆,2821620.000000,7938360.000000,472020,语言,中文,大陆,中文,非诚勿扰：最帅机长丑拒终选区女生
10448,11152,我们的爱,836,3,精彩点/大陆剧场,精彩点,大陆剧场,2,11,1860,,2017-09-14 10:25,2017-09-14 13:38,11580.000000,国语,大陆,6239640.000000,7556280.000000,117180,节目分类,大陆剧场,大陆,中文,我们的爱
10448,11152,我们的爱,836,3,精彩点/大陆剧场,精彩点,大陆剧场,2,11,1860,,2017-09-14 10:25,2017-09-14 13:38,11580.000000,国语,大陆,6239640.000000,7556280.000000,117180,地区,大陆,大陆,中文,我们的爱
10448,11152,我们的爱,836,3,精彩点/大陆剧场,精彩点,大陆剧场,2,11,1860,,2017-09-14 10:25,2017-09-14 13:38,11580.000000,国语,大陆,6239640.000000,7556280.000000,117180,节目归属,精彩点,大陆,中文,我们的爱
10448,11152,我们的爱,836,3,精彩点/大陆剧场,精彩点,大陆剧场,2,11,1860,,2017-09-14 10:25,2017-09-14 13:38,11580.000000,国语,大陆,6239640.000000,7556280.000000,117180,语言,中文,大陆,中文,我们的爱
10983,10263,我们的爱,836,56,精彩点/大陆剧场,精彩点,大陆剧场,2,11,2640,,2017-09-16 21:18,2017-09-28 23:12,1043640.000000,国语,大陆,6226800.000000,6394500.000000,142260,节目分类,大陆剧场,大陆,中文,我们的爱
10983,10263,我们的爱,836,56,精彩点/大陆剧场,精彩点,大陆剧场,2,11,2640,,2017-09-16 21:18,2017-09-28 23:12,1043640.000000,国语,大陆,6226800.000000,6394500.000000,142260,地区,大陆,大陆,中文,我们的爱
10983,10263,我们的爱,836,56,精彩点/大陆剧场,精彩点,大陆剧场,2,11,2640,,2017-09-16 21:18,2017-09-28 23:12,1043640.000000,国语,大陆,6226800.000000,6394500.000000,142260,节目归属,精彩点,大陆,中文,我们的爱
10983,10263,我们的爱,836,56,精彩点/大陆剧场,精彩点,大陆剧场,2,11,2640,,2017-09-16 21:18,2017-09-28 23:12,1043640.000000,国语,大陆,6226800.000000,6394500.000000,142260,语言,中文,大陆,中文,我们的爱
11177,10302,中国新歌声 第二季：郭沁治愈嗓音征服E神,122,2,精彩点/综艺娱乐,精彩点,综艺娱乐,2,21,5220,,2017-09-17 18:41,2017-09-17 19:09,1680.000000,国语,大陆,6033240.000000,6038520.000000,369000,节目分类,综艺娱乐,大陆,中文,中国新歌声 第二季：郭沁治愈嗓音征服E神
11177,10302,中国新歌声 第二季：郭沁治愈嗓音征服E神,122,2,精彩点/综艺娱乐,精彩点,综艺娱乐,2,21,5220,,2017-09-17 18:41,2017-09-17 19:09,1680.000000,国语,大陆,6033240.000000,6038520.000000,369000,地区,大陆,大陆,中文,中国新歌声 第二季：郭沁治愈嗓音征服E神
11177,10302,中国新歌声 第二季：郭沁治愈嗓音征服E神,122,2,精彩点/综艺娱乐,精彩点,综艺娱乐,2,21,5220,,2017-09-17 18:41,2017-09-17 19:09,1680.000000,国语,大陆,6033240.000000,6038520.000000,369000,节目归属,精彩点,大陆,中文,中国新歌声 第二季：郭沁治愈嗓音征服E神
11177,10302,中国新歌声 第二季：郭沁治愈嗓音征服E神,122,2,精彩点/综艺娱乐,精彩点,综艺娱乐,2,21,5220,,2017-09-17 18:41,2017-09-17 19:09,1680.000000,国语,大陆,6033240.000000,6038520.000000,369000,语言,中文,大陆,中文,中国新歌声 第二季：郭沁治愈嗓音征服E神
11024,11252,我们来了 第二季：关之琳蒋欣领衔女神团长城走秀,825,2,精彩点/综艺娱乐,精彩点,综艺娱乐,2,21,300,,2017-08-08 10:30,2017-08-08 10:34,240.000000,国语,大陆,3074100.000000,5960520.000000,117780,节目分类,综艺娱乐,大陆,中文,我们来了 第二季：关之琳蒋欣领衔女神团长城走秀
11024,11252,我们来了 第二季：关之琳蒋欣领衔女神团长城走秀,825,2,精彩点/综艺娱乐,精彩点,综艺娱乐,2,21,300,,2017-08-08 10:30,2017-08-08 10:34,240.000000,国语,大陆,3074100.000000,5960520.000000,117780,地区,大陆,大陆,中文,我们来了 第二季：关之琳蒋欣领衔女神团长城走秀
11024,11252,我们来了 第二季：关之琳蒋欣领衔女神团长城走秀,825,2,精彩点/综艺娱乐,精彩点,综艺娱乐,2,21,300,,2017-08-08 10:30,2017-08-08 10:34,240.000000,国语,大陆,3074100.000000,5960520.000000,117780,节目归属,精彩点,大陆,中文,我们来了 第二季：关之琳蒋欣领衔女神团长城走秀
11024,11252,我们来了 第二季：关之琳蒋欣领衔女神团长城走秀,825,2,精彩点/综艺娱乐,精彩点,综艺娱乐,2,21,300,,2017-08-08 10:30,2017-08-08 10:34,240.000000,国语,大陆,3074100.000000,5960520.000000,117780,语言,中文,大陆,中文,我们来了 第二季：关之琳蒋欣领衔女神团长城走秀
10156,10383,反恐特战队之猎影,368,5,精彩点/大陆剧场,精彩点,大陆剧场,2,11,2460,,2017-08-07 21:33,2017-08-09 22:33,176400.000000,国语,大陆,690540.000000,2838000.000000,99540,节目分类,大陆剧场,大陆,中文,反恐特战队之猎影
10156,10383,反恐特战队之猎影,368,5,精彩点/大陆剧场,精彩点,大陆剧场,2,11,2460,,2017-08-07 21:33,2017-08-09 22:33,176400.000000,国语,大陆,690540.000000,2838000.000000,99540,地区,大陆,大陆,中文,反恐特战队之猎影
10156,10383,反恐特战队之猎影,368,5,精彩点/大陆剧场,精彩点,大陆剧场,2,11,2460,,2017-08-07 21:33,2017-08-09 22:33,176400.000000,国语,大陆,690540.000000,2838000.000000,99540,节目归属,精彩点,大陆,中文,反恐特战队之猎影
10156,10383,反恐特战队之猎影,368,5,精彩点/大陆剧场,精彩点,大陆剧场,2,11,2460,,2017-08-07 21:33,2017-08-09 22:33,176400.000000,国语,大陆,690540.000000,2838000.000000,99540,语言,中文,大陆,中文,反恐特战队之猎影
10204,10992,挑战的法则：大张伟嗨唱TFBOYS金曲,905,2,精彩点/综艺娱乐,精彩点,综艺娱乐,2,21,3900,,2017-07-22 13:19,2017-07-22 14:24,3900.000000,国语,大陆,1868640.000000,7943640.000000,298620,节目分类,综艺娱乐,大陆,中文,挑战的法则：大张伟嗨唱TFBOYS金曲
10204,10992,挑战的法则：大张伟嗨唱TFBOYS金曲,905,2,精彩点/综艺娱乐,精彩点,综艺娱乐,2,21,3900,,2017-07-22 13:19,2017-07-22 14:24,3900.000000,国语,大陆,1868640.000000,7943640.000000,298620,地区,大陆,大陆,中文,挑战的法则：大张伟嗨唱TFBOYS金曲
10204,10992,挑战的法则：大张伟嗨唱TFBOYS金曲,905,2,精彩点/综艺娱乐,精彩点,综艺娱乐,2,21,3900,,2017-07-22 13:19,2017-07-22 14:24,3900.000000,国语,大陆,1868640.000000,7943640.000000,298620,节目归属,精彩点,大陆,中文,挑战的法则：大张伟嗨唱TFBOYS金曲
10204,10992,挑战的法则：大张伟嗨唱TFBOYS金曲,905,2,精彩点/综艺娱乐,精彩点,综艺娱乐,2,21,3900,,2017-07-22 13:19,2017-07-22 14:24,3900.000000,国语,大陆,1868640.000000,7943640.000000,298620,语言,中文,大陆,中文,挑战的法则：大张伟嗨唱TFBOYS金曲
10770,10684,我想和你唱 第二季：韩磊现场尬舞小歌迷,859,1,精彩点/综艺娱乐,精彩点,综艺娱乐,2,21,4800,,2017-07-06 18:17,2017-07-06 18:17,0.000000,国语,大陆,470100.000000,7915320.000000,752134.33,节目分类,综艺娱乐,大陆,中文,我想和你唱 第二季：韩磊现场尬舞小歌迷
10770,10684,我想和你唱 第二季：韩磊现场尬舞小歌迷,859,1,精彩点/综艺娱乐,精彩点,综艺娱乐,2,21,4800,,2017-07-06 18:17,2017-07-06 18:17,0.000000,国语,大陆,470100.000000,7915320.000000,752134.33,地区,大陆,大陆,中文,我想和你唱 第二季：韩磊现场尬舞小歌迷
10770,10684,我想和你唱 第二季：韩磊现场尬舞小歌迷,859,1,精彩点/综艺娱乐,精彩点,综艺娱乐,2,21,4800,,2017-07-06 18:17,2017-07-06 18:17,0.000000,国语,大陆,470100.000000,7915320.000000,752134.33,节目归属,精彩点,大陆,中文,我想和你唱 第二季：韩磊现场尬舞小歌迷
10770,10684,我想和你唱 第二季：韩磊现场尬舞小歌迷,859,1,精彩点/综艺娱乐,精彩点,综艺娱乐,2,21,4800,,2017-07-06 18:17,2017-07-06 18:17,0.000000,国语,大陆,470100.000000,7915320.000000,752134.33,语言,中文,大陆,中文,我想和你唱 第二季：韩磊现场尬舞小歌迷
10429,10550,精灵梦叶罗丽 第五季,1543,1,今日上线/大陆剧场,今日上线,大陆剧场,7,11,60,,2017-09-18 18:33,2017-09-18 18:33,0.000000,国语,大陆,6808740.000000,7841220.000000,573000,节目分类,大陆剧场,大陆,中文,精灵梦叶罗丽 第五季
10429,10550,精灵梦叶罗丽 第五季,1543,1,今日上线/大陆剧场,今日上线,大陆剧场,7,11,60,,2017-09-18 18:33,2017-09-18 18:33,0.000000,国语,大陆,6808740.000000,7841220.000000,573000,地区,大陆,大陆,中文,精灵梦叶罗丽 第五季
10429,10550,精灵梦叶罗丽 第五季,1543,1,今日上线/大陆剧场,今日上线,大陆剧场,7,11,60,,2017-09-18 18:33,2017-09-18 18:33,0.000000,国语,大陆,6808740.000000,7841220.000000,573000,节目归属,今日上线,大陆,中文,精灵梦叶罗丽 第五季
10429,10550,精灵梦叶罗丽 第五季,1543,1,今日上线/大陆剧场,今日上线,大陆剧场,7,11,60,,2017-09-18 18:33,2017-09-18 18:33,0.000000,国语,大陆,6808740.000000,7841220.000000,573000,语言,中文,大陆,中文,精灵梦叶罗丽 第五季
10292,11253,白夜追凶,1434,1,热门影视/大陆剧场,热门影视,大陆剧场,8,11,34140,,2017-09-24 15:29,2017-09-24 15:29,0.000000,国语,大陆,0.000000,0.000000,34140,节目分类,大陆剧场,大陆,中文,白夜追凶
10292,11253,白夜追凶,1434,1,热门影视/大陆剧场,热门影视,大陆剧场,8,11,34140,,2017-09-24 15:29,2017-09-24 15:29,0.000000,国语,大陆,0.000000,0.000000,34140,地区,大陆,大陆,中文,白夜追凶
10292,11253,白夜追凶,1434,1,热门影视/大陆剧场,热门影视,大陆剧场,8,11,34140,,2017-09-24 15:29,2017-09-24 15:29,0.000000,国语,大陆,0.000000,0.000000,34140,节目归属,热门影视,大陆,中文,白夜追凶
10292,11253,白夜追凶,1434,1,热门影视/大陆剧场,热门影视,大陆剧场,8,11,34140,,2017-09-24 15:29,2017-09-24 15:29,0.000000,国语,大陆,0.000000,0.000000,34140,语言,中文,大陆,中文,白夜追凶
10246,10202,变形金刚,386,1,精彩点/欧美剧场,精彩点,欧美剧场,2,13,2400,,2017-07-06 19:44,2017-07-06 19:44,0.000000,英语,美国,443940.000000,7884420.000000,846660,节目分类,欧美剧场,美国,中文,变形金刚
10246,10202,变形金刚,386,1,精彩点/欧美剧场,精彩点,欧美剧场,2,13,2400,,2017-07-06 19:44,2017-07-06 19:44,0.000000,英语,美国,443940.000000,7884420.000000,846660,地区,美国,美国,中文,变形金刚
10246,10202,变形金刚,386,1,精彩点/欧美剧场,精彩点,欧美剧场,2,13,2400,,2017-07-06 19:44,2017-07-06 19:44,0.000000,英语,美国,443940.000000,7884420.000000,846660,节目归属,精彩点,美国,中文,变形金刚
10246,10202,变形金刚,386,1,精彩点/欧美剧场,精彩点,欧美剧场,2,13,2400,,2017-07-06 19:44,2017-07-06 19:44,0.000000,英语,美国,443940.000000,7884420.000000,846660,语言,中文,美国,中文,变形金刚
11041,10732,中国新歌声 第二季：杰伦Eason对唱,118,5,精彩点/综艺娱乐,精彩点,综艺娱乐,2,21,14700,,2017-08-09 12:46,2017-09-29 14:30,4412640.000000,国语,大陆,7702380.000000,7811760.000000,236400,节目分类,综艺娱乐,大陆,中文,中国新歌声 第二季：杰伦Eason对唱
11041,10732,中国新歌声 第二季：杰伦Eason对唱,118,5,精彩点/综艺娱乐,精彩点,综艺娱乐,2,21,14700,,2017-08-09 12:46,2017-09-29 14:30,4412640.000000,国语,大陆,7702380.000000,7811760.000000,236400,地区,大陆,大陆,中文,中国新歌声 第二季：杰伦Eason对唱
11041,10732,中国新歌声 第二季：杰伦Eason对唱,118,5,精彩点/综艺娱乐,精彩点,综艺娱乐,2,21,14700,,2017-08-09 12:46,2017-09-29 14:30,4412640.000000,国语,大陆,7702380.000000,7811760.000000,236400,节目归属,精彩点,大陆,中文,中国新歌声 第二季：杰伦Eason对唱
11041,10732,中国新歌声 第二季：杰伦Eason对唱,118,5,精彩点/综艺娱乐,精彩点,综艺娱乐,2,21,14700,,2017-08-09 12:46,2017-09-29 14:30,4412640.000000,国语,大陆,7702380.000000,7811760.000000,236400,语言,中文,大陆,中文,中国新歌声 第二季：杰伦Eason对唱
10418,11058,中国新歌声 第二季：杰伦Eason对唱,118,2,精彩点/综艺娱乐,精彩点,综艺娱乐,2,21,19320,,2017-07-26 13:39,2017-07-26 14:20,2460.000000,国语,大陆,1477680.000000,7164720.000000,102912.27,节目分类,综艺娱乐,大陆,中文,中国新歌声 第二季：杰伦Eason对唱
10418,11058,中国新歌声 第二季：杰伦Eason对唱,118,2,精彩点/综艺娱乐,精彩点,综艺娱乐,2,21,19320,,2017-07-26 13:39,2017-07-26 14:20,2460.000000,国语,大陆,1477680.000000,7164720.000000,102912.27,地区,大陆,大陆,中文,中国新歌声 第二季：杰伦Eason对唱
10418,11058,中国新歌声 第二季：杰伦Eason对唱,118,2,精彩点/综艺娱乐,精彩点,综艺娱乐,2,21,19320,,2017-07-26 13:39,2017-07-26 14:20,2460.000000,国语,大陆,1477680.000000,7164720.000000,102912.27,节目归属,精彩点,大陆,中文,中国新歌声 第二季：杰伦Eason对唱
10418,11058,中国新歌声 第二季：杰伦Eason对唱,118,2,精彩点/综艺娱乐,精彩点,综艺娱乐,2,21,19320,,2017-07-26 13:39,2017-07-26 14:20,2460.000000,国语,大陆,1477680.000000,7164720.000000,102912.27,语言,中文,大陆,中文,中国新歌声 第二季：杰伦Eason对唱
10311,11110,中国新歌声 第二季：杰伦Eason对唱,118,1,精彩点/综艺娱乐,精彩点,综艺娱乐,2,21,6120,,2017-07-22 23:49,2017-07-22 23:49,0.000000,国语,大陆,0.000000,3112200.000000,53760,节目分类,综艺娱乐,大陆,中文,中国新歌声 第二季：杰伦Eason对唱
10311,11110,中国新歌声 第二季：杰伦Eason对唱,118,1,精彩点/综艺娱乐,精彩点,综艺娱乐,2,21,6120,,2017-07-22 23:49,2017-07-22 23:49,0.000000,国语,大陆,0.000000,3112200.000000,53760,地区,大陆,大陆,中文,中国新歌声 第二季：杰伦Eason对唱
10311,11110,中国新歌声 第二季：杰伦Eason对唱,118,1,精彩点/综艺娱乐,精彩点,综艺娱乐,2,21,6120,,2017-07-22 23:49,2017-07-22 23:49,0.000000,国语,大陆,0.000000,3112200.000000,53760,节目归属,精彩点,大陆,中文,中国新歌声 第二季：杰伦Eason对唱
10311,11110,中国新歌声 第二季：杰伦Eason对唱,118,1,精彩点/综艺娱乐,精彩点,综艺娱乐,2,21,6120,,2017-07-22 23:49,2017-07-22 23:49,0.000000,国语,大陆,0.000000,3112200.000000,53760,语言,中文,大陆,中文,中国新歌声 第二季：杰伦Eason对唱
11075,10013,大军师司马懿之军师联盟,523,42,精彩点/大陆剧场,精彩点,大陆剧场,2,11,2820,,2017-07-15 21:32,2017-09-24 21:30,6134280.000000,国语,大陆,6134280.000000,6603840.000000,303180,节目分类,大陆剧场,大陆,中文,大军师司马懿之军师联盟
11075,10013,大军师司马懿之军师联盟,523,42,精彩点/大陆剧场,精彩点,大陆剧场,2,11,2820,,2017-07-15 21:32,2017-09-24 21:30,6134280.000000,国语,大陆,6134280.000000,6603840.000000,303180,地区,大陆,大陆,中文,大军师司马懿之军师联盟
11075,10013,大军师司马懿之军师联盟,523,42,精彩点/大陆剧场,精彩点,大陆剧场,2,11,2820,,2017-07-15 21:32,2017-09-24 21:30,6134280.000000,国语,大陆,6134280.000000,6603840.000000,303180,节目归属,精彩点,大陆,中文,大军师司马懿之军师联盟
11075,10013,大军师司马懿之军师联盟,523,42,精彩点/大陆剧场,精彩点,大陆剧场,2,11,2820,,2017-07-15 21:32,2017-09-24 21:30,6134280.000000,国语,大陆,6134280.000000,6603840.000000,303180,语言,中文,大陆,中文,大军师司马懿之军师联盟
10395,10396,大军师司马懿之军师联盟,523,45,精彩点/大陆剧场,精彩点,大陆剧场,2,11,2934.15,20170701,2017-07-01 00:00,2017-07-10 00:00,777600.000000,国语,大陆,777600.000000,7862400.000000,65239.95,节目分类,大陆剧场,大陆,中文,大军师司马懿之军师联盟
10395,10396,大军师司马懿之军师联盟,523,45,精彩点/大陆剧场,精彩点,大陆剧场,2,11,2934.15,20170701,2017-07-01 00:00,2017-07-10 00:00,777600.000000,国语,大陆,777600.000000,7862400.000000,65239.95,地区,大陆,大陆,中文,大军师司马懿之军师联盟
10395,10396,大军师司马懿之军师联盟,523,45,精彩点/大陆剧场,精彩点,大陆剧场,2,11,2934.15,20170701,2017-07-01 00:00,2017-07-10 00:00,777600.000000,国语,大陆,777600.000000,7862400.000000,65239.95,节目归属,精彩点,大陆,中文,大军师司马懿之军师联盟
10395,10396,大军师司马懿之军师联盟,523,45,精彩点/大陆剧场,精彩点,大陆剧场,2,11,2934.15,20170701,2017-07-01 00:00,2017-07-10 00:00,777600.000000,国语,大陆,777600.000000,7862400.000000,65239.95,语言,中文,大陆,中文,大军师司马懿之军师联盟
10316,10376,秦时丽人明月心,1515,1,精彩点/大陆剧场,精彩点,大陆剧场,2,11,120,,2017-08-15 19:31,2017-08-15 19:31,0.000000,国语,大陆,2670780.000000,6653040.000000,222600,节目分类,大陆剧场,大陆,中文,秦时丽人明月心
10316,10376,秦时丽人明月心,1515,1,精彩点/大陆剧场,精彩点,大陆剧场,2,11,120,,2017-08-15 19:31,2017-08-15 19:31,0.000000,国语,大陆,2670780.000000,6653040.000000,222600,地区,大陆,大陆,中文,秦时丽人明月心
10316,10376,秦时丽人明月心,1515,1,精彩点/大陆剧场,精彩点,大陆剧场,2,11,120,,2017-08-15 19:31,2017-08-15 19:31,0.000000,国语,大陆,2670780.000000,6653040.000000,222600,节目归属,精彩点,大陆,中文,秦时丽人明月心
10316,10376,秦时丽人明月心,1515,1,精彩点/大陆剧场,精彩点,大陆剧场,2,11,120,,2017-08-15 19:31,2017-08-15 19:31,0.000000,国语,大陆,2670780.000000,6653040.000000,222600,语言,中文,大陆,中文,秦时丽人明月心
10533,10098,秦时丽人明月心,1515,2,精彩点/大陆剧场,精彩点,大陆剧场,2,11,5598.01,20170904,2017-09-04 00:00,2017-09-04 00:00,0.000000,国语,大陆,5184000.000000,6652800.000000,519997.23000000004,节目分类,大陆剧场,大陆,中文,秦时丽人明月心
10533,10098,秦时丽人明月心,1515,2,精彩点/大陆剧场,精彩点,大陆剧场,2,11,5598.01,20170904,2017-09-04 00:00,2017-09-04 00:00,0.000000,国语,大陆,5184000.000000,6652800.000000,519997.23000000004,地区,大陆,大陆,中文,秦时丽人明月心
10533,10098,秦时丽人明月心,1515,2,精彩点/大陆剧场,精彩点,大陆剧场,2,11,5598.01,20170904,2017-09-04 00:00,2017-09-04 00:00,0.000000,国语,大陆,5184000.000000,6652800.000000,519997.23000000004,节目归属,精彩点,大陆,中文,秦时丽人明月心
10533,10098,秦时丽人明月心,1515,2,精彩点/大陆剧场,精彩点,大陆剧场,2,11,5598.01,20170904,2017-09-04 00:00,2017-09-04 00:00,0.000000,国语,大陆,5184000.000000,6652800.000000,519997.23000000004,语言,中文,大陆,中文,秦时丽人明月心
10089,10291,开心剧乐部：宋小宝苦追贾玲,731,1,精彩点/综艺娱乐,精彩点,综艺娱乐,2,21,360,,2017-09-06 20:51,2017-09-06 20:51,0.000000,国语,大陆,5596560.000000,7503600.000000,99677.05,节目分类,综艺娱乐,大陆,中文,开心剧乐部：宋小宝苦追贾玲
10089,10291,开心剧乐部：宋小宝苦追贾玲,731,1,精彩点/综艺娱乐,精彩点,综艺娱乐,2,21,360,,2017-09-06 20:51,2017-09-06 20:51,0.000000,国语,大陆,5596560.000000,7503600.000000,99677.05,地区,大陆,大陆,中文,开心剧乐部：宋小宝苦追贾玲
10089,10291,开心剧乐部：宋小宝苦追贾玲,731,1,精彩点/综艺娱乐,精彩点,综艺娱乐,2,21,360,,2017-09-06 20:51,2017-09-06 20:51,0.000000,国语,大陆,5596560.000000,7503600.000000,99677.05,节目归属,精彩点,大陆,中文,开心剧乐部：宋小宝苦追贾玲
10089,10291,开心剧乐部：宋小宝苦追贾玲,731,1,精彩点/综艺娱乐,精彩点,综艺娱乐,2,21,360,,2017-09-06 20:51,2017-09-06 20:51,0.000000,国语,大陆,5596560.000000,7503600.000000,99677.05,语言,中文,大陆,中文,开心剧乐部：宋小宝苦追贾玲
10838,10662,我的前半生,877,27,精彩点/大陆剧场,精彩点,大陆剧场,2,11,5940,,2017-07-17 19:02,2017-07-23 13:08,497160.000000,国语,大陆,1343280.000000,7068900.000000,102117.14,节目分类,大陆剧场,大陆,中文,我的前半生
10838,10662,我的前半生,877,27,精彩点/大陆剧场,精彩点,大陆剧场,2,11,5940,,2017-07-17 19:02,2017-07-23 13:08,497160.000000,国语,大陆,1343280.000000,7068900.000000,102117.14,地区,大陆,大陆,中文,我的前半生
10838,10662,我的前半生,877,27,精彩点/大陆剧场,精彩点,大陆剧场,2,11,5940,,2017-07-17 19:02,2017-07-23 13:08,497160.000000,国语,大陆,1343280.000000,7068900.000000,102117.14,节目归属,精彩点,大陆,中文,我的前半生
10838,10662,我的前半生,877,27,精彩点/大陆剧场,精彩点,大陆剧场,2,11,5940,,2017-07-17 19:02,2017-07-23 13:08,497160.000000,国语,大陆,1343280.000000,7068900.000000,102117.14,语言,中文,大陆,中文,我的前半生
10970,11274,我的前半生,877,38,精彩点/大陆剧场,精彩点,大陆剧场,2,11,2460,,2017-07-27 17:16,2017-08-03 10:00,578640.000000,国语,大陆,2678520.000000,7010580.000000,21960,节目分类,大陆剧场,大陆,中文,我的前半生
10970,11274,我的前半生,877,38,精彩点/大陆剧场,精彩点,大陆剧场,2,11,2460,,2017-07-27 17:16,2017-08-03 10:00,578640.000000,国语,大陆,2678520.000000,7010580.000000,21960,地区,大陆,大陆,中文,我的前半生
10970,11274,我的前半生,877,38,精彩点/大陆剧场,精彩点,大陆剧场,2,11,2460,,2017-07-27 17:16,2017-08-03 10:00,578640.000000,国语,大陆,2678520.000000,7010580.000000,21960,节目归属,精彩点,大陆,中文,我的前半生
10970,11274,我的前半生,877,38,精彩点/大陆剧场,精彩点,大陆剧场,2,11,2460,,2017-07-27 17:16,2017-08-03 10:00,578640.000000,国语,大陆,2678520.000000,7010580.000000,21960,语言,中文,大陆,中文,我的前半生
11299,11153,我的前半生,877,4,精彩点/大陆剧场,精彩点,大陆剧场,2,11,780,,2017-07-30 20:08,2017-07-31 21:03,89700.000000,国语,大陆,825060.000000,5919660.000000,526080,节目分类,大陆剧场,大陆,中文,我的前半生
11299,11153,我的前半生,877,4,精彩点/大陆剧场,精彩点,大陆剧场,2,11,780,,2017-07-30 20:08,2017-07-31 21:03,89700.000000,国语,大陆,825060.000000,5919660.000000,526080,地区,大陆,大陆,中文,我的前半生
11299,11153,我的前半生,877,4,精彩点/大陆剧场,精彩点,大陆剧场,2,11,780,,2017-07-30 20:08,2017-07-31 21:03,89700.000000,国语,大陆,825060.000000,5919660.000000,526080,节目归属,精彩点,大陆,中文,我的前半生
11299,11153,我的前半生,877,4,精彩点/大陆剧场,精彩点,大陆剧场,2,11,780,,2017-07-30 20:08,2017-07-31 21:03,89700.000000,国语,大陆,825060.000000,5919660.000000,526080,语言,中文,大陆,中文,我的前半生
10204,10992,我的前半生,877,1,精彩点/大陆剧场,精彩点,大陆剧场,2,11,540,,2017-08-24 11:24,2017-08-24 11:24,0.000000,国语,大陆,4709040.000000,7943640.000000,298620,节目分类,大陆剧场,大陆,中文,我的前半生
10204,10992,我的前半生,877,1,精彩点/大陆剧场,精彩点,大陆剧场,2,11,540,,2017-08-24 11:24,2017-08-24 11:24,0.000000,国语,大陆,4709040.000000,7943640.000000,298620,地区,大陆,大陆,中文,我的前半生
10204,10992,我的前半生,877,1,精彩点/大陆剧场,精彩点,大陆剧场,2,11,540,,2017-08-24 11:24,2017-08-24 11:24,0.000000,国语,大陆,4709040.000000,7943640.000000,298620,节目归属,精彩点,大陆,中文,我的前半生
10204,10992,我的前半生,877,1,精彩点/大陆剧场,精彩点,大陆剧场,2,11,540,,2017-08-24 11:24,2017-08-24 11:24,0.000000,国语,大陆,4709040.000000,7943640.000000,298620,语言,中文,大陆,中文,我的前半生
11067,11147,我的前半生,877,19,精彩点/大陆剧场,精彩点,大陆剧场,2,11,2280,,2017-07-09 11:37,2017-07-22 11:20,1122180.000000,国语,大陆,1849620.000000,7938360.000000,472020,节目分类,大陆剧场,大陆,中文,我的前半生
11067,11147,我的前半生,877,19,精彩点/大陆剧场,精彩点,大陆剧场,2,11,2280,,2017-07-09 11:37,2017-07-22 11:20,1122180.000000,国语,大陆,1849620.000000,7938360.000000,472020,地区,大陆,大陆,中文,我的前半生
11067,11147,我的前半生,877,19,精彩点/大陆剧场,精彩点,大陆剧场,2,11,2280,,2017-07-09 11:37,2017-07-22 11:20,1122180.000000,国语,大陆,1849620.000000,7938360.000000,472020,节目归属,精彩点,大陆,中文,我的前半生
11067,11147,我的前半生,877,19,精彩点/大陆剧场,精彩点,大陆剧场,2,11,2280,,2017-07-09 11:37,2017-07-22 11:20,1122180.000000,国语,大陆,1849620.000000,7938360.000000,472020,语言,中文,大陆,中文,我的前半生
11239,10040,速度与激情8,1869,4,院线大片/动作片,院线大片,动作片,5,24,8740.029999999999,20170730,2017-07-30 00:00,2017-07-30 00:00,0.000000,英语,美国,0.000000,3333960.000000,47460.28999999999,节目分类,动作片,美国,中文,速度与激情8
11239,10040,速度与激情8,1869,4,院线大片/动作片,院线大片,动作片,5,24,8740.029999999999,20170730,2017-07-30 00:00,2017-07-30 00:00,0.000000,英语,美国,0.000000,3333960.000000,47460.28999999999,地区,美国,美国,中文,速度与激情8
11239,10040,速度与激情8,1869,4,院线大片/动作片,院线大片,动作片,5,24,8740.029999999999,20170730,2017-07-30 00:00,2017-07-30 00:00,0.000000,英语,美国,0.000000,3333960.000000,47460.28999999999,节目归属,院线大片,美国,中文,速度与激情8
11239,10040,速度与激情8,1869,4,院线大片/动作片,院线大片,动作片,5,24,8740.029999999999,20170730,2017-07-30 00:00,2017-07-30 00:00,0.000000,英语,美国,0.000000,3333960.000000,47460.28999999999,语言,中文,美国,中文,速度与激情8
10186,10329,猪猪侠超星萌宠,1376,6,精彩点/电视剧场,精彩点,电视剧场,2,12,60,,2017-07-29 19:58,2017-08-05 19:51,604380.000000,国语,大陆,3095100.000000,7749540.000000,187020,节目分类,电视剧场,大陆,中文,猪猪侠超星萌宠
10186,10329,猪猪侠超星萌宠,1376,6,精彩点/电视剧场,精彩点,电视剧场,2,12,60,,2017-07-29 19:58,2017-08-05 19:51,604380.000000,国语,大陆,3095100.000000,7749540.000000,187020,地区,大陆,大陆,中文,猪猪侠超星萌宠
10186,10329,猪猪侠超星萌宠,1376,6,精彩点/电视剧场,精彩点,电视剧场,2,12,60,,2017-07-29 19:58,2017-08-05 19:51,604380.000000,国语,大陆,3095100.000000,7749540.000000,187020,节目归属,精彩点,大陆,中文,猪猪侠超星萌宠
10186,10329,猪猪侠超星萌宠,1376,6,精彩点/电视剧场,精彩点,电视剧场,2,12,60,,2017-07-29 19:58,2017-08-05 19:51,604380.000000,国语,大陆,3095100.000000,7749540.000000,187020,语言,中文,大陆,中文,猪猪侠超星萌宠
11084,10501,极限挑战 第三季：五美惊喜空降男人帮,1115,2,精彩点/综艺娱乐,精彩点,综艺娱乐,2,21,840,,2017-08-10 14:24,2017-08-21 10:00,934560.000000,国语,大陆,4386120.000000,7884900.000000,163860,节目分类,综艺娱乐,大陆,中文,极限挑战 第三季：五美惊喜空降男人帮
11084,10501,极限挑战 第三季：五美惊喜空降男人帮,1115,2,精彩点/综艺娱乐,精彩点,综艺娱乐,2,21,840,,2017-08-10 14:24,2017-08-21 10:00,934560.000000,国语,大陆,4386120.000000,7884900.000000,163860,地区,大陆,大陆,中文,极限挑战 第三季：五美惊喜空降男人帮
11084,10501,极限挑战 第三季：五美惊喜空降男人帮,1115,2,精彩点/综艺娱乐,精彩点,综艺娱乐,2,21,840,,2017-08-10 14:24,2017-08-21 10:00,934560.000000,国语,大陆,4386120.000000,7884900.000000,163860,节目归属,精彩点,大陆,中文,极限挑战 第三季：五美惊喜空降男人帮
11084,10501,极限挑战 第三季：五美惊喜空降男人帮,1115,2,精彩点/综艺娱乐,精彩点,综艺娱乐,2,21,840,,2017-08-10 14:24,2017-08-21 10:00,934560.000000,国语,大陆,4386120.000000,7884900.000000,163860,语言,中文,大陆,中文,极限挑战 第三季：五美惊喜空降男人帮
11314,10140,天天向上：高颜值警察齐聚一堂,553,1,精彩点/综艺娱乐,精彩点,综艺娱乐,2,21,540,,2017-08-31 12:37,2017-08-31 12:37,0.000000,国语,大陆,4462500.000000,6921240.000000,512160,节目分类,综艺娱乐,大陆,中文,天天向上：高颜值警察齐聚一堂
11314,10140,天天向上：高颜值警察齐聚一堂,553,1,精彩点/综艺娱乐,精彩点,综艺娱乐,2,21,540,,2017-08-31 12:37,2017-08-31 12:37,0.000000,国语,大陆,4462500.000000,6921240.000000,512160,地区,大陆,大陆,中文,天天向上：高颜值警察齐聚一堂
11314,10140,天天向上：高颜值警察齐聚一堂,553,1,精彩点/综艺娱乐,精彩点,综艺娱乐,2,21,540,,2017-08-31 12:37,2017-08-31 12:37,0.000000,国语,大陆,4462500.000000,6921240.000000,512160,节目归属,精彩点,大陆,中文,天天向上：高颜值警察齐聚一堂
11314,10140,天天向上：高颜值警察齐聚一堂,553,1,精彩点/综艺娱乐,精彩点,综艺娱乐,2,21,540,,2017-08-31 12:37,2017-08-31 12:37,0.000000,国语,大陆,4462500.000000,6921240.000000,512160,语言,中文,大陆,中文,天天向上：高颜值警察齐聚一堂
10082,11141,热血尖兵,1267,1,精彩点/大陆剧场,精彩点,大陆剧场,2,11,2580,,2017-09-02 12:06,2017-09-02 12:06,0.000000,国语,大陆,5193540.000000,7632060.000000,71400,节目分类,大陆剧场,大陆,中文,热血尖兵
10082,11141,热血尖兵,1267,1,精彩点/大陆剧场,精彩点,大陆剧场,2,11,2580,,2017-09-02 12:06,2017-09-02 12:06,0.000000,国语,大陆,5193540.000000,7632060.000000,71400,地区,大陆,大陆,中文,热血尖兵
10082,11141,热血尖兵,1267,1,精彩点/大陆剧场,精彩点,大陆剧场,2,11,2580,,2017-09-02 12:06,2017-09-02 12:06,0.000000,国语,大陆,5193540.000000,7632060.000000,71400,节目归属,精彩点,大陆,中文,热血尖兵
10082,11141,热血尖兵,1267,1,精彩点/大陆剧场,精彩点,大陆剧场,2,11,2580,,2017-09-02 12:06,2017-09-02 12:06,0.000000,国语,大陆,5193540.000000,7632060.000000,71400,语言,中文,大陆,中文,热血尖兵
11197,10172,轻睐演唱会,1835,1,热门影视/综艺娱乐,热门影视,综艺娱乐,8,21,480,,2017-07-31 11:59,2017-07-31 11:59,0.000000,国语,大陆,2330880.000000,5865300.000000,108900,节目分类,综艺娱乐,大陆,中文,轻睐演唱会
11197,10172,轻睐演唱会,1835,1,热门影视/综艺娱乐,热门影视,综艺娱乐,8,21,480,,2017-07-31 11:59,2017-07-31 11:59,0.000000,国语,大陆,2330880.000000,5865300.000000,108900,地区,大陆,大陆,中文,轻睐演唱会
11197,10172,轻睐演唱会,1835,1,热门影视/综艺娱乐,热门影视,综艺娱乐,8,21,480,,2017-07-31 11:59,2017-07-31 11:59,0.000000,国语,大陆,2330880.000000,5865300.000000,108900,节目归属,热门影视,大陆,中文,轻睐演唱会
11197,10172,轻睐演唱会,1835,1,热门影视/综艺娱乐,热门影视,综艺娱乐,8,21,480,,2017-07-31 11:59,2017-07-31 11:59,0.000000,国语,大陆,2330880.000000,5865300.000000,108900,语言,中文,大陆,中文,轻睐演唱会
10962,11220,极速前进 第四季：贾静雯入水逆局舞狮崩溃,1098,1,精彩点/综艺娱乐,精彩点,综艺娱乐,2,21,4320,,2017-09-26 11:21,2017-09-26 11:21,0.000000,国语,大陆,7221060.000000,7574340.000000,142800,节目分类,综艺娱乐,大陆,中文,极速前进 第四季：贾静雯入水逆局舞狮崩溃
10962,11220,极速前进 第四季：贾静雯入水逆局舞狮崩溃,1098,1,精彩点/综艺娱乐,精彩点,综艺娱乐,2,21,4320,,2017-09-26 11:21,2017-09-26 11:21,0.000000,国语,大陆,7221060.000000,7574340.000000,142800,地区,大陆,大陆,中文,极速前进 第四季：贾静雯入水逆局舞狮崩溃
10962,11220,极速前进 第四季：贾静雯入水逆局舞狮崩溃,1098,1,精彩点/综艺娱乐,精彩点,综艺娱乐,2,21,4320,,2017-09-26 11:21,2017-09-26 11:21,0.000000,国语,大陆,7221060.000000,7574340.000000,142800,节目归属,精彩点,大陆,中文,极速前进 第四季：贾静雯入水逆局舞狮崩溃
10962,11220,极速前进 第四季：贾静雯入水逆局舞狮崩溃,1098,1,精彩点/综艺娱乐,精彩点,综艺娱乐,2,21,4320,,2017-09-26 11:21,2017-09-26 11:21,0.000000,国语,大陆,7221060.000000,7574340.000000,142800,语言,中文,大陆,中文,极速前进 第四季：贾静雯入水逆局舞狮崩溃
10724,11139,同盟,415,5,精彩点/港台剧场,精彩点,港台剧场,2,20,2640,,2017-08-14 22:25,2017-09-03 00:24,1648740.000000,粤语,香港,5446680.000000,7825560.000000,62340,节目分类,港台剧场,香港,中文,同盟
10724,11139,同盟,415,5,精彩点/港台剧场,精彩点,港台剧场,2,20,2640,,2017-08-14 22:25,2017-09-03 00:24,1648740.000000,粤语,香港,5446680.000000,7825560.000000,62340,地区,香港,香港,中文,同盟
10724,11139,同盟,415,5,精彩点/港台剧场,精彩点,港台剧场,2,20,2640,,2017-08-14 22:25,2017-09-03 00:24,1648740.000000,粤语,香港,5446680.000000,7825560.000000,62340,节目归属,精彩点,香港,中文,同盟
10724,11139,同盟,415,5,精彩点/港台剧场,精彩点,港台剧场,2,20,2640,,2017-08-14 22:25,2017-09-03 00:24,1648740.000000,粤语,香港,5446680.000000,7825560.000000,62340,语言,中文,香港,中文,同盟
10500,10526,七十二层奇楼：吴亦凡秀方言rap根本停不下来,61,1,精彩点/综艺娱乐,精彩点,综艺娱乐,2,21,34020,,2017-07-04 22:14,2017-07-04 22:14,0.000000,国语,大陆,209220.000000,1232940.000000,88920,节目分类,综艺娱乐,大陆,中文,七十二层奇楼：吴亦凡秀方言rap根本停不下来
10500,10526,七十二层奇楼：吴亦凡秀方言rap根本停不下来,61,1,精彩点/综艺娱乐,精彩点,综艺娱乐,2,21,34020,,2017-07-04 22:14,2017-07-04 22:14,0.000000,国语,大陆,209220.000000,1232940.000000,88920,地区,大陆,大陆,中文,七十二层奇楼：吴亦凡秀方言rap根本停不下来
10500,10526,七十二层奇楼：吴亦凡秀方言rap根本停不下来,61,1,精彩点/综艺娱乐,精彩点,综艺娱乐,2,21,34020,,2017-07-04 22:14,2017-07-04 22:14,0.000000,国语,大陆,209220.000000,1232940.000000,88920,节目归属,精彩点,大陆,中文,七十二层奇楼：吴亦凡秀方言rap根本停不下来
10500,10526,七十二层奇楼：吴亦凡秀方言rap根本停不下来,61,1,精彩点/综艺娱乐,精彩点,综艺娱乐,2,21,34020,,2017-07-04 22:14,2017-07-04 22:14,0.000000,国语,大陆,209220.000000,1232940.000000,88920,语言,中文,大陆,中文,七十二层奇楼：吴亦凡秀方言rap根本停不下来
10168,10343,吃吃的爱,411,2,院线大片/爱情,院线大片,爱情,5,19,10714.060000000001,20170721,2017-07-21 00:00,2017-07-21 00:00,0.000000,国语,台湾,1570560.000000,6652740.000000,131974.06,节目分类,爱情,台湾,中文,吃吃的爱
10168,10343,吃吃的爱,411,2,院线大片/爱情,院线大片,爱情,5,19,10714.060000000001,20170721,2017-07-21 00:00,2017-07-21 00:00,0.000000,国语,台湾,1570560.000000,6652740.000000,131974.06,地区,台湾,台湾,中文,吃吃的爱
10168,10343,吃吃的爱,411,2,院线大片/爱情,院线大片,爱情,5,19,10714.060000000001,20170721,2017-07-21 00:00,2017-07-21 00:00,0.000000,国语,台湾,1570560.000000,6652740.000000,131974.06,节目归属,院线大片,台湾,中文,吃吃的爱
10168,10343,吃吃的爱,411,2,院线大片/爱情,院线大片,爱情,5,19,10714.060000000001,20170721,2017-07-21 00:00,2017-07-21 00:00,0.000000,国语,台湾,1570560.000000,6652740.000000,131974.06,语言,中文,台湾,中文,吃吃的爱
10164,10719,赛罗奥特曼英雄传,1776,3,动漫剧场/日韩剧场,动漫剧场,日韩剧场,6,16,1500,,2017-07-13 13:53,2017-07-13 14:42,2940.000000,日语,日本,592380.000000,7086060.000000,34080,节目分类,日韩剧场,日本,中文,赛罗奥特曼英雄传
10164,10719,赛罗奥特曼英雄传,1776,3,动漫剧场/日韩剧场,动漫剧场,日韩剧场,6,16,1500,,2017-07-13 13:53,2017-07-13 14:42,2940.000000,日语,日本,592380.000000,7086060.000000,34080,地区,日本,日本,中文,赛罗奥特曼英雄传
10164,10719,赛罗奥特曼英雄传,1776,3,动漫剧场/日韩剧场,动漫剧场,日韩剧场,6,16,1500,,2017-07-13 13:53,2017-07-13 14:42,2940.000000,日语,日本,592380.000000,7086060.000000,34080,节目归属,动漫剧场,日本,中文,赛罗奥特曼英雄传
10164,10719,赛罗奥特曼英雄传,1776,3,动漫剧场/日韩剧场,动漫剧场,日韩剧场,6,16,1500,,2017-07-13 13:53,2017-07-13 14:42,2940.000000,日语,日本,592380.000000,7086060.000000,34080,语言,中文,日本,中文,赛罗奥特曼英雄传
10307,10546,中国新歌声 第二季：陈奕迅变学员陈二萌 小伙秀藏语饶舌,123,1,精彩点/综艺娱乐,精彩点,综艺娱乐,2,21,3060,,2017-07-23 14:42,2017-07-23 14:42,0.000000,国语,大陆,1906380.000000,7889640.000000,300300,节目分类,综艺娱乐,大陆,中文,中国新歌声 第二季：陈奕迅变学员陈二萌 小伙秀藏语饶舌
10307,10546,中国新歌声 第二季：陈奕迅变学员陈二萌 小伙秀藏语饶舌,123,1,精彩点/综艺娱乐,精彩点,综艺娱乐,2,21,3060,,2017-07-23 14:42,2017-07-23 14:42,0.000000,国语,大陆,1906380.000000,7889640.000000,300300,地区,大陆,大陆,中文,中国新歌声 第二季：陈奕迅变学员陈二萌 小伙秀藏语饶舌
10307,10546,中国新歌声 第二季：陈奕迅变学员陈二萌 小伙秀藏语饶舌,123,1,精彩点/综艺娱乐,精彩点,综艺娱乐,2,21,3060,,2017-07-23 14:42,2017-07-23 14:42,0.000000,国语,大陆,1906380.000000,7889640.000000,300300,节目归属,精彩点,大陆,中文,中国新歌声 第二季：陈奕迅变学员陈二萌 小伙秀藏语饶舌
10307,10546,中国新歌声 第二季：陈奕迅变学员陈二萌 小伙秀藏语饶舌,123,1,精彩点/综艺娱乐,精彩点,综艺娱乐,2,21,3060,,2017-07-23 14:42,2017-07-23 14:42,0.000000,国语,大陆,1906380.000000,7889640.000000,300300,语言,中文,大陆,中文,中国新歌声 第二季：陈奕迅变学员陈二萌 小伙秀藏语饶舌
10129,11001,白鹿原,1440,8,精彩点/大陆剧场,精彩点,大陆剧场,2,11,2460,,2017-07-02 12:56,2017-07-16 21:52,1241760.000000,国语,大陆,1373820.000000,7942080.000000,1199872.12,节目分类,大陆剧场,大陆,中文,白鹿原
10129,11001,白鹿原,1440,8,精彩点/大陆剧场,精彩点,大陆剧场,2,11,2460,,2017-07-02 12:56,2017-07-16 21:52,1241760.000000,国语,大陆,1373820.000000,7942080.000000,1199872.12,地区,大陆,大陆,中文,白鹿原
10129,11001,白鹿原,1440,8,精彩点/大陆剧场,精彩点,大陆剧场,2,11,2460,,2017-07-02 12:56,2017-07-16 21:52,1241760.000000,国语,大陆,1373820.000000,7942080.000000,1199872.12,节目归属,精彩点,大陆,中文,白鹿原
10129,11001,白鹿原,1440,8,精彩点/大陆剧场,精彩点,大陆剧场,2,11,2460,,2017-07-02 12:56,2017-07-16 21:52,1241760.000000,国语,大陆,1373820.000000,7942080.000000,1199872.12,语言,中文,大陆,中文,白鹿原
10450,10112,白鹿原,1440,49,精彩点/大陆剧场,精彩点,大陆剧场,2,11,2280,,2017-07-07 21:25,2017-07-17 16:47,847320.000000,国语,大陆,1412580.000000,7226040.000000,75120,节目分类,大陆剧场,大陆,中文,白鹿原
10450,10112,白鹿原,1440,49,精彩点/大陆剧场,精彩点,大陆剧场,2,11,2280,,2017-07-07 21:25,2017-07-17 16:47,847320.000000,国语,大陆,1412580.000000,7226040.000000,75120,地区,大陆,大陆,中文,白鹿原
10450,10112,白鹿原,1440,49,精彩点/大陆剧场,精彩点,大陆剧场,2,11,2280,,2017-07-07 21:25,2017-07-17 16:47,847320.000000,国语,大陆,1412580.000000,7226040.000000,75120,节目归属,精彩点,大陆,中文,白鹿原
10450,10112,白鹿原,1440,49,精彩点/大陆剧场,精彩点,大陆剧场,2,11,2280,,2017-07-07 21:25,2017-07-17 16:47,847320.000000,国语,大陆,1412580.000000,7226040.000000,75120,语言,中文,大陆,中文,白鹿原
10749,11107,超时空男臣,1785,7,精彩点/港台剧场,精彩点,港台剧场,2,20,1200,,2017-07-26 18:12,2017-08-18 19:50,1993080.000000,粤语,香港,3806100.000000,7010340.000000,78360,节目分类,港台剧场,香港,中文,超时空男臣
10749,11107,超时空男臣,1785,7,精彩点/港台剧场,精彩点,港台剧场,2,20,1200,,2017-07-26 18:12,2017-08-18 19:50,1993080.000000,粤语,香港,3806100.000000,7010340.000000,78360,地区,香港,香港,中文,超时空男臣
10749,11107,超时空男臣,1785,7,精彩点/港台剧场,精彩点,港台剧场,2,20,1200,,2017-07-26 18:12,2017-08-18 19:50,1993080.000000,粤语,香港,3806100.000000,7010340.000000,78360,节目归属,精彩点,香港,中文,超时空男臣
10749,11107,超时空男臣,1785,7,精彩点/港台剧场,精彩点,港台剧场,2,20,1200,,2017-07-26 18:12,2017-08-18 19:50,1993080.000000,粤语,香港,3806100.000000,7010340.000000,78360,语言,中文,香港,中文,超时空男臣
10954,10566,超时空男臣,1785,1,精彩点/港台剧场,精彩点,港台剧场,2,20,13680,,2017-09-17 19:46,2017-09-17 19:46,0.000000,粤语,香港,6811440.000000,7890600.000000,465540,节目分类,港台剧场,香港,中文,超时空男臣
10954,10566,超时空男臣,1785,1,精彩点/港台剧场,精彩点,港台剧场,2,20,13680,,2017-09-17 19:46,2017-09-17 19:46,0.000000,粤语,香港,6811440.000000,7890600.000000,465540,地区,香港,香港,中文,超时空男臣
10954,10566,超时空男臣,1785,1,精彩点/港台剧场,精彩点,港台剧场,2,20,13680,,2017-09-17 19:46,2017-09-17 19:46,0.000000,粤语,香港,6811440.000000,7890600.000000,465540,节目归属,精彩点,香港,中文,超时空男臣
10954,10566,超时空男臣,1785,1,精彩点/港台剧场,精彩点,港台剧场,2,20,13680,,2017-09-17 19:46,2017-09-17 19:46,0.000000,粤语,香港,6811440.000000,7890600.000000,465540,语言,中文,香港,中文,超时空男臣
11291,11232,来吧兄弟：陈小春惨遭充气木马“虐待”,1075,2,精彩点/综艺娱乐,精彩点,综艺娱乐,2,21,5100,,2017-07-09 12:59,2017-07-09 18:57,21480.000000,国语,大陆,665700.000000,7849980.000000,997380,节目分类,综艺娱乐,大陆,中文,来吧兄弟：陈小春惨遭充气木马“虐待”
11291,11232,来吧兄弟：陈小春惨遭充气木马“虐待”,1075,2,精彩点/综艺娱乐,精彩点,综艺娱乐,2,21,5100,,2017-07-09 12:59,2017-07-09 18:57,21480.000000,国语,大陆,665700.000000,7849980.000000,997380,地区,大陆,大陆,中文,来吧兄弟：陈小春惨遭充气木马“虐待”
11291,11232,来吧兄弟：陈小春惨遭充气木马“虐待”,1075,2,精彩点/综艺娱乐,精彩点,综艺娱乐,2,21,5100,,2017-07-09 12:59,2017-07-09 18:57,21480.000000,国语,大陆,665700.000000,7849980.000000,997380,节目归属,精彩点,大陆,中文,来吧兄弟：陈小春惨遭充气木马“虐待”
11291,11232,来吧兄弟：陈小春惨遭充气木马“虐待”,1075,2,精彩点/综艺娱乐,精彩点,综艺娱乐,2,21,5100,,2017-07-09 12:59,2017-07-09 18:57,21480.000000,国语,大陆,665700.000000,7849980.000000,997380,语言,中文,大陆,中文,来吧兄弟：陈小春惨遭充气木马“虐待”
11220,10299,CODE GEASS 反叛的鲁路修 第二季,30,1,动漫剧场/日韩剧场,动漫剧场,日韩剧场,6,16,60,,2017-08-20 18:21,2017-08-20 18:21,0.000000,日语,日本,66060.000000,132360.000000,10980,节目分类,日韩剧场,日本,中文,CODE GEASS 反叛的鲁路修 第二季
11220,10299,CODE GEASS 反叛的鲁路修 第二季,30,1,动漫剧场/日韩剧场,动漫剧场,日韩剧场,6,16,60,,2017-08-20 18:21,2017-08-20 18:21,0.000000,日语,日本,66060.000000,132360.000000,10980,地区,日本,日本,中文,CODE GEASS 反叛的鲁路修 第二季
11220,10299,CODE GEASS 反叛的鲁路修 第二季,30,1,动漫剧场/日韩剧场,动漫剧场,日韩剧场,6,16,60,,2017-08-20 18:21,2017-08-20 18:21,0.000000,日语,日本,66060.000000,132360.000000,10980,节目归属,动漫剧场,日本,中文,CODE GEASS 反叛的鲁路修 第二季
11220,10299,CODE GEASS 反叛的鲁路修 第二季,30,1,动漫剧场/日韩剧场,动漫剧场,日韩剧场,6,16,60,,2017-08-20 18:21,2017-08-20 18:21,0.000000,日语,日本,66060.000000,132360.000000,10980,语言,中文,日本,中文,CODE GEASS 反叛的鲁路修 第二季
10542,10737,中国新歌声 第二季：王菲密友登场召唤回忆杀,119,1,精彩点/综艺娱乐,精彩点,综艺娱乐,2,21,5520,,2017-08-19 18:06,2017-08-19 18:06,0.000000,国语,大陆,4053840.000000,7522680.000000,80820,节目分类,综艺娱乐,大陆,中文,中国新歌声 第二季：王菲密友登场召唤回忆杀
10542,10737,中国新歌声 第二季：王菲密友登场召唤回忆杀,119,1,精彩点/综艺娱乐,精彩点,综艺娱乐,2,21,5520,,2017-08-19 18:06,2017-08-19 18:06,0.000000,国语,大陆,4053840.000000,7522680.000000,80820,地区,大陆,大陆,中文,中国新歌声 第二季：王菲密友登场召唤回忆杀
10542,10737,中国新歌声 第二季：王菲密友登场召唤回忆杀,119,1,精彩点/综艺娱乐,精彩点,综艺娱乐,2,21,5520,,2017-08-19 18:06,2017-08-19 18:06,0.000000,国语,大陆,4053840.000000,7522680.000000,80820,节目归属,精彩点,大陆,中文,中国新歌声 第二季：王菲密友登场召唤回忆杀
10542,10737,中国新歌声 第二季：王菲密友登场召唤回忆杀,119,1,精彩点/综艺娱乐,精彩点,综艺娱乐,2,21,5520,,2017-08-19 18:06,2017-08-19 18:06,0.000000,国语,大陆,4053840.000000,7522680.000000,80820,语言,中文,大陆,中文,中国新歌声 第二季：王菲密友登场召唤回忆杀
10770,10684,人民的名义,191,1,精彩点/大陆剧场,精彩点,大陆剧场,2,11,3060,,2017-07-06 17:04,2017-07-06 17:04,0.000000,国语,大陆,465720.000000,7915320.000000,752134.33,节目分类,大陆剧场,大陆,中文,人民的名义
10770,10684,人民的名义,191,1,精彩点/大陆剧场,精彩点,大陆剧场,2,11,3060,,2017-07-06 17:04,2017-07-06 17:04,0.000000,国语,大陆,465720.000000,7915320.000000,752134.33,地区,大陆,大陆,中文,人民的名义
10770,10684,人民的名义,191,1,精彩点/大陆剧场,精彩点,大陆剧场,2,11,3060,,2017-07-06 17:04,2017-07-06 17:04,0.000000,国语,大陆,465720.000000,7915320.000000,752134.33,节目归属,精彩点,大陆,中文,人民的名义
10770,10684,人民的名义,191,1,精彩点/大陆剧场,精彩点,大陆剧场,2,11,3060,,2017-07-06 17:04,2017-07-06 17:04,0.000000,国语,大陆,465720.000000,7915320.000000,752134.33,语言,中文,大陆,中文,人民的名义
10756,10387,人民的名义,191,5,精彩点/大陆剧场,精彩点,大陆剧场,2,11,240,,2017-07-01 00:00,2017-07-01 01:54,6840.000000,国语,大陆,6840.000000,6840.000000,240,节目分类,大陆剧场,大陆,中文,人民的名义
10756,10387,人民的名义,191,5,精彩点/大陆剧场,精彩点,大陆剧场,2,11,240,,2017-07-01 00:00,2017-07-01 01:54,6840.000000,国语,大陆,6840.000000,6840.000000,240,地区,大陆,大陆,中文,人民的名义
10756,10387,人民的名义,191,5,精彩点/大陆剧场,精彩点,大陆剧场,2,11,240,,2017-07-01 00:00,2017-07-01 01:54,6840.000000,国语,大陆,6840.000000,6840.000000,240,节目归属,精彩点,大陆,中文,人民的名义
10756,10387,人民的名义,191,5,精彩点/大陆剧场,精彩点,大陆剧场,2,11,240,,2017-07-01 00:00,2017-07-01 01:54,6840.000000,国语,大陆,6840.000000,6840.000000,240,语言,中文,大陆,中文,人民的名义
11067,11147,警察锅哥,1731,84,精彩点/大陆剧场,精彩点,大陆剧场,2,11,2340,,2017-09-07 22:00,2017-09-16 23:20,782400.000000,国语,大陆,6731220.000000,7938360.000000,472020,节目分类,大陆剧场,大陆,中文,警察锅哥
11067,11147,警察锅哥,1731,84,精彩点/大陆剧场,精彩点,大陆剧场,2,11,2340,,2017-09-07 22:00,2017-09-16 23:20,782400.000000,国语,大陆,6731220.000000,7938360.000000,472020,地区,大陆,大陆,中文,警察锅哥
11067,11147,警察锅哥,1731,84,精彩点/大陆剧场,精彩点,大陆剧场,2,11,2340,,2017-09-07 22:00,2017-09-16 23:20,782400.000000,国语,大陆,6731220.000000,7938360.000000,472020,节目归属,精彩点,大陆,中文,警察锅哥
11067,11147,警察锅哥,1731,84,精彩点/大陆剧场,精彩点,大陆剧场,2,11,2340,,2017-09-07 22:00,2017-09-16 23:20,782400.000000,国语,大陆,6731220.000000,7938360.000000,472020,语言,中文,大陆,中文,警察锅哥
11074,11103,西游记,1722,4,热点专题/大陆剧场,热点专题,大陆剧场,1,11,6120,,2017-08-13 10:55,2017-08-13 11:46,3060.000000,国语,大陆,3343260.000000,3343260.000000,65280,节目分类,大陆剧场,大陆,中文,西游记
11074,11103,西游记,1722,4,热点专题/大陆剧场,热点专题,大陆剧场,1,11,6120,,2017-08-13 10:55,2017-08-13 11:46,3060.000000,国语,大陆,3343260.000000,3343260.000000,65280,地区,大陆,大陆,中文,西游记
11074,11103,西游记,1722,4,热点专题/大陆剧场,热点专题,大陆剧场,1,11,6120,,2017-08-13 10:55,2017-08-13 11:46,3060.000000,国语,大陆,3343260.000000,3343260.000000,65280,节目归属,热点专题,大陆,中文,西游记
11074,11103,西游记,1722,4,热点专题/大陆剧场,热点专题,大陆剧场,1,11,6120,,2017-08-13 10:55,2017-08-13 11:46,3060.000000,国语,大陆,3343260.000000,3343260.000000,65280,语言,中文,大陆,中文,西游记
11043,10545,龙珠Z：复活的弗利萨,2105,4,热点专题/动画片,热点专题,动画片,1,18,12000,,2017-08-06 11:39,2017-08-26 12:20,1730460.000000,日语,日本,4810740.000000,7793820.000000,1330980,节目分类,动画片,日本,中文,龙珠Z：复活的弗利萨
11043,10545,龙珠Z：复活的弗利萨,2105,4,热点专题/动画片,热点专题,动画片,1,18,12000,,2017-08-06 11:39,2017-08-26 12:20,1730460.000000,日语,日本,4810740.000000,7793820.000000,1330980,地区,日本,日本,中文,龙珠Z：复活的弗利萨
11043,10545,龙珠Z：复活的弗利萨,2105,4,热点专题/动画片,热点专题,动画片,1,18,12000,,2017-08-06 11:39,2017-08-26 12:20,1730460.000000,日语,日本,4810740.000000,7793820.000000,1330980,节目归属,热点专题,日本,中文,龙珠Z：复活的弗利萨
11043,10545,龙珠Z：复活的弗利萨,2105,4,热点专题/动画片,热点专题,动画片,1,18,12000,,2017-08-06 11:39,2017-08-26 12:20,1730460.000000,日语,日本,4810740.000000,7793820.000000,1330980,语言,中文,日本,中文,龙珠Z：复活的弗利萨
11080,11195,爱情保卫战：这样的婚姻我坚持不下去了,1307,1,精彩点/综艺娱乐,精彩点,综艺娱乐,2,21,2820,,2017-07-27 11:38,2017-07-27 11:38,0.000000,国语,大陆,1441260.000000,6570000.000000,253800,节目分类,综艺娱乐,大陆,中文,爱情保卫战：这样的婚姻我坚持不下去了
11080,11195,爱情保卫战：这样的婚姻我坚持不下去了,1307,1,精彩点/综艺娱乐,精彩点,综艺娱乐,2,21,2820,,2017-07-27 11:38,2017-07-27 11:38,0.000000,国语,大陆,1441260.000000,6570000.000000,253800,地区,大陆,大陆,中文,爱情保卫战：这样的婚姻我坚持不下去了
11080,11195,爱情保卫战：这样的婚姻我坚持不下去了,1307,1,精彩点/综艺娱乐,精彩点,综艺娱乐,2,21,2820,,2017-07-27 11:38,2017-07-27 11:38,0.000000,国语,大陆,1441260.000000,6570000.000000,253800,节目归属,精彩点,大陆,中文,爱情保卫战：这样的婚姻我坚持不下去了
11080,11195,爱情保卫战：这样的婚姻我坚持不下去了,1307,1,精彩点/综艺娱乐,精彩点,综艺娱乐,2,21,2820,,2017-07-27 11:38,2017-07-27 11:38,0.000000,国语,大陆,1441260.000000,6570000.000000,253800,语言,中文,大陆,中文,爱情保卫战：这样的婚姻我坚持不下去了
11177,10302,异次元杀阵,749,1,热点专题/科幻,热点专题,科幻,1,17,5100,,2017-09-16 13:15,2017-09-16 13:15,0.000000,英语,美国,5925600.000000,6038520.000000,369000,节目分类,科幻,美国,中文,异次元杀阵
11177,10302,异次元杀阵,749,1,热点专题/科幻,热点专题,科幻,1,17,5100,,2017-09-16 13:15,2017-09-16 13:15,0.000000,英语,美国,5925600.000000,6038520.000000,369000,地区,美国,美国,中文,异次元杀阵
11177,10302,异次元杀阵,749,1,热点专题/科幻,热点专题,科幻,1,17,5100,,2017-09-16 13:15,2017-09-16 13:15,0.000000,英语,美国,5925600.000000,6038520.000000,369000,节目归属,热点专题,美国,中文,异次元杀阵
11177,10302,异次元杀阵,749,1,热点专题/科幻,热点专题,科幻,1,17,5100,,2017-09-16 13:15,2017-09-16 13:15,0.000000,英语,美国,5925600.000000,6038520.000000,369000,语言,中文,美国,中文,异次元杀阵
10999,10547,发现：一路向南,370,2,精彩点/科学教育,精彩点,科学教育,2,22,180,,2017-07-24 14:34,2017-09-06 11:31,3790620.000000,国语,大陆,5685840.000000,7786560.000000,91980,节目分类,科学教育,大陆,中文,发现：一路向南
10999,10547,发现：一路向南,370,2,精彩点/科学教育,精彩点,科学教育,2,22,180,,2017-07-24 14:34,2017-09-06 11:31,3790620.000000,国语,大陆,5685840.000000,7786560.000000,91980,地区,大陆,大陆,中文,发现：一路向南
10999,10547,发现：一路向南,370,2,精彩点/科学教育,精彩点,科学教育,2,22,180,,2017-07-24 14:34,2017-09-06 11:31,3790620.000000,国语,大陆,5685840.000000,7786560.000000,91980,节目归属,精彩点,大陆,中文,发现：一路向南
10999,10547,发现：一路向南,370,2,精彩点/科学教育,精彩点,科学教育,2,22,180,,2017-07-24 14:34,2017-09-06 11:31,3790620.000000,国语,大陆,5685840.000000,7786560.000000,91980,语言,中文,大陆,中文,发现：一路向南
11094,11098,醉玲珑,1887,36,精彩点/大陆剧场,精彩点,大陆剧场,2,11,240,,2017-07-15 20:41,2017-09-27 23:38,6404220.000000,国语,大陆,7688940.000000,7779060.000000,91680,节目分类,大陆剧场,大陆,中文,醉玲珑
11094,11098,醉玲珑,1887,36,精彩点/大陆剧场,精彩点,大陆剧场,2,11,240,,2017-07-15 20:41,2017-09-27 23:38,6404220.000000,国语,大陆,7688940.000000,7779060.000000,91680,地区,大陆,大陆,中文,醉玲珑
11094,11098,醉玲珑,1887,36,精彩点/大陆剧场,精彩点,大陆剧场,2,11,240,,2017-07-15 20:41,2017-09-27 23:38,6404220.000000,国语,大陆,7688940.000000,7779060.000000,91680,节目归属,精彩点,大陆,中文,醉玲珑
11094,11098,醉玲珑,1887,36,精彩点/大陆剧场,精彩点,大陆剧场,2,11,240,,2017-07-15 20:41,2017-09-27 23:38,6404220.000000,国语,大陆,7688940.000000,7779060.000000,91680,语言,中文,大陆,中文,醉玲珑
10264,10660,醉玲珑,1887,43,精彩点/大陆剧场,精彩点,大陆剧场,2,11,420,,2017-07-24 23:37,2017-09-30 00:41,5792640.000000,国语,大陆,7298100.000000,7298100.000000,213876.52000000002,节目分类,大陆剧场,大陆,中文,醉玲珑
10264,10660,醉玲珑,1887,43,精彩点/大陆剧场,精彩点,大陆剧场,2,11,420,,2017-07-24 23:37,2017-09-30 00:41,5792640.000000,国语,大陆,7298100.000000,7298100.000000,213876.52000000002,地区,大陆,大陆,中文,醉玲珑
10264,10660,醉玲珑,1887,43,精彩点/大陆剧场,精彩点,大陆剧场,2,11,420,,2017-07-24 23:37,2017-09-30 00:41,5792640.000000,国语,大陆,7298100.000000,7298100.000000,213876.52000000002,节目归属,精彩点,大陆,中文,醉玲珑
10264,10660,醉玲珑,1887,43,精彩点/大陆剧场,精彩点,大陆剧场,2,11,420,,2017-07-24 23:37,2017-09-30 00:41,5792640.000000,国语,大陆,7298100.000000,7298100.000000,213876.52000000002,语言,中文,大陆,中文,醉玲珑
10965,11092,三生三世十里桃花,92,80,精彩点/大陆剧场,精彩点,大陆剧场,2,11,27633.25,,2017-07-01 15:13,2017-07-30 18:40,2518020.000000,国语,大陆,2533500.000000,7896000.000000,503520.63,节目分类,大陆剧场,大陆,中文,三生三世十里桃花
10965,11092,三生三世十里桃花,92,80,精彩点/大陆剧场,精彩点,大陆剧场,2,11,27633.25,,2017-07-01 15:13,2017-07-30 18:40,2518020.000000,国语,大陆,2533500.000000,7896000.000000,503520.63,地区,大陆,大陆,中文,三生三世十里桃花
10965,11092,三生三世十里桃花,92,80,精彩点/大陆剧场,精彩点,大陆剧场,2,11,27633.25,,2017-07-01 15:13,2017-07-30 18:40,2518020.000000,国语,大陆,2533500.000000,7896000.000000,503520.63,节目归属,精彩点,大陆,中文,三生三世十里桃花
10965,11092,三生三世十里桃花,92,80,精彩点/大陆剧场,精彩点,大陆剧场,2,11,27633.25,,2017-07-01 15:13,2017-07-30 18:40,2518020.000000,国语,大陆,2533500.000000,7896000.000000,503520.63,语言,中文,大陆,中文,三生三世十里桃花
11270,11276,72家房客：瘦马计划,21,1,免费睇/大陆剧场,免费睇,大陆剧场,4,11,2460,,2017-09-10 11:21,2017-09-10 11:21,0.000000,粤语,大陆,5397660.000000,6289560.000000,203458.56,节目分类,大陆剧场,大陆,中文,72家房客：瘦马计划
11270,11276,72家房客：瘦马计划,21,1,免费睇/大陆剧场,免费睇,大陆剧场,4,11,2460,,2017-09-10 11:21,2017-09-10 11:21,0.000000,粤语,大陆,5397660.000000,6289560.000000,203458.56,地区,大陆,大陆,中文,72家房客：瘦马计划
11270,11276,72家房客：瘦马计划,21,1,免费睇/大陆剧场,免费睇,大陆剧场,4,11,2460,,2017-09-10 11:21,2017-09-10 11:21,0.000000,粤语,大陆,5397660.000000,6289560.000000,203458.56,节目归属,免费睇,大陆,中文,72家房客：瘦马计划
11270,11276,72家房客：瘦马计划,21,1,免费睇/大陆剧场,免费睇,大陆剧场,4,11,2460,,2017-09-10 11:21,2017-09-10 11:21,0.000000,粤语,大陆,5397660.000000,6289560.000000,203458.56,语言,中文,大陆,中文,72家房客：瘦马计划
11120,10272,中国新歌声 第二季：周董E神上演嘻哈对决,113,2,精彩点/综艺娱乐,精彩点,综艺娱乐,2,21,2220,,2017-08-27 10:15,2017-08-27 19:17,32520.000000,国语,大陆,5000880.000000,7949040.000000,452100,节目分类,综艺娱乐,大陆,中文,中国新歌声 第二季：周董E神上演嘻哈对决
11120,10272,中国新歌声 第二季：周董E神上演嘻哈对决,113,2,精彩点/综艺娱乐,精彩点,综艺娱乐,2,21,2220,,2017-08-27 10:15,2017-08-27 19:17,32520.000000,国语,大陆,5000880.000000,7949040.000000,452100,地区,大陆,大陆,中文,中国新歌声 第二季：周董E神上演嘻哈对决
11120,10272,中国新歌声 第二季：周董E神上演嘻哈对决,113,2,精彩点/综艺娱乐,精彩点,综艺娱乐,2,21,2220,,2017-08-27 10:15,2017-08-27 19:17,32520.000000,国语,大陆,5000880.000000,7949040.000000,452100,节目归属,精彩点,大陆,中文,中国新歌声 第二季：周董E神上演嘻哈对决
11120,10272,中国新歌声 第二季：周董E神上演嘻哈对决,113,2,精彩点/综艺娱乐,精彩点,综艺娱乐,2,21,2220,,2017-08-27 10:15,2017-08-27 19:17,32520.000000,国语,大陆,5000880.000000,7949040.000000,452100,语言,中文,大陆,中文,中国新歌声 第二季：周董E神上演嘻哈对决
10204,10992,夏至未至,510,14,精彩点/大陆剧场,精彩点,大陆剧场,2,11,1260,,2017-07-01 08:10,2017-07-07 20:55,564300.000000,国语,大陆,596100.000000,7943640.000000,298620,节目分类,大陆剧场,大陆,中文,夏至未至
10204,10992,夏至未至,510,14,精彩点/大陆剧场,精彩点,大陆剧场,2,11,1260,,2017-07-01 08:10,2017-07-07 20:55,564300.000000,国语,大陆,596100.000000,7943640.000000,298620,地区,大陆,大陆,中文,夏至未至
10204,10992,夏至未至,510,14,精彩点/大陆剧场,精彩点,大陆剧场,2,11,1260,,2017-07-01 08:10,2017-07-07 20:55,564300.000000,国语,大陆,596100.000000,7943640.000000,298620,节目归属,精彩点,大陆,中文,夏至未至
10204,10992,夏至未至,510,14,精彩点/大陆剧场,精彩点,大陆剧场,2,11,1260,,2017-07-01 08:10,2017-07-07 20:55,564300.000000,国语,大陆,596100.000000,7943640.000000,298620,语言,中文,大陆,中文,夏至未至
10003,10198,甜果屋宣传汇总170613,1407,1,免费睇/广告,免费睇,广告,4,14,120,,2017-07-02 21:09,2017-07-02 21:09,0.000000,国语,大陆,85920.000000,7831860.000000,33480,节目分类,广告,大陆,中文,甜果屋宣传汇总170613
10003,10198,甜果屋宣传汇总170613,1407,1,免费睇/广告,免费睇,广告,4,14,120,,2017-07-02 21:09,2017-07-02 21:09,0.000000,国语,大陆,85920.000000,7831860.000000,33480,地区,大陆,大陆,中文,甜果屋宣传汇总170613
10003,10198,甜果屋宣传汇总170613,1407,1,免费睇/广告,免费睇,广告,4,14,120,,2017-07-02 21:09,2017-07-02 21:09,0.000000,国语,大陆,85920.000000,7831860.000000,33480,节目归属,免费睇,大陆,中文,甜果屋宣传汇总170613
10003,10198,甜果屋宣传汇总170613,1407,1,免费睇/广告,免费睇,广告,4,14,120,,2017-07-02 21:09,2017-07-02 21:09,0.000000,国语,大陆,85920.000000,7831860.000000,33480,语言,中文,大陆,中文,甜果屋宣传汇总170613
10871,10605,明日世界,1005,1,今日上线/科幻,今日上线,科幻,7,17,960,,2017-07-28 15:46,2017-07-28 15:46,0.000000,国语,美国,852180.000000,6060180.000000,51240,节目分类,科幻,美国,中文,明日世界
10871,10605,明日世界,1005,1,今日上线/科幻,今日上线,科幻,7,17,960,,2017-07-28 15:46,2017-07-28 15:46,0.000000,国语,美国,852180.000000,6060180.000000,51240,地区,美国,美国,中文,明日世界
10871,10605,明日世界,1005,1,今日上线/科幻,今日上线,科幻,7,17,960,,2017-07-28 15:46,2017-07-28 15:46,0.000000,国语,美国,852180.000000,6060180.000000,51240,节目归属,今日上线,美国,中文,明日世界
10871,10605,明日世界,1005,1,今日上线/科幻,今日上线,科幻,7,17,960,,2017-07-28 15:46,2017-07-28 15:46,0.000000,国语,美国,852180.000000,6060180.000000,51240,语言,中文,美国,中文,明日世界
10985,10109,自然：小动物大智慧,1606,1,精彩点/科学教育,精彩点,科学教育,2,22,3240,,2017-09-20 15:21,2017-09-20 15:21,0.000000,国语,大陆,6927900.000000,7789500.000000,182580,节目分类,科学教育,大陆,中文,自然：小动物大智慧
10985,10109,自然：小动物大智慧,1606,1,精彩点/科学教育,精彩点,科学教育,2,22,3240,,2017-09-20 15:21,2017-09-20 15:21,0.000000,国语,大陆,6927900.000000,7789500.000000,182580,地区,大陆,大陆,中文,自然：小动物大智慧
10985,10109,自然：小动物大智慧,1606,1,精彩点/科学教育,精彩点,科学教育,2,22,3240,,2017-09-20 15:21,2017-09-20 15:21,0.000000,国语,大陆,6927900.000000,7789500.000000,182580,节目归属,精彩点,大陆,中文,自然：小动物大智慧
10985,10109,自然：小动物大智慧,1606,1,精彩点/科学教育,精彩点,科学教育,2,22,3240,,2017-09-20 15:21,2017-09-20 15:21,0.000000,国语,大陆,6927900.000000,7789500.000000,182580,语言,中文,大陆,中文,自然：小动物大智慧
11122,11241,古代世界,397,2,精彩点/大陆剧场,精彩点,大陆剧场,2,11,360,,2017-07-22 02:14,2017-07-22 02:14,0.000000,国语,大陆,15660.000000,5522640.000000,24420,节目分类,大陆剧场,美国,中文,古代世界
11122,11241,古代世界,397,2,精彩点/大陆剧场,精彩点,大陆剧场,2,11,360,,2017-07-22 02:14,2017-07-22 02:14,0.000000,国语,大陆,15660.000000,5522640.000000,24420,地区,美国,美国,中文,古代世界
11122,11241,古代世界,397,2,精彩点/大陆剧场,精彩点,大陆剧场,2,11,360,,2017-07-22 02:14,2017-07-22 02:14,0.000000,国语,大陆,15660.000000,5522640.000000,24420,节目归属,精彩点,美国,中文,古代世界
11122,11241,古代世界,397,2,精彩点/大陆剧场,精彩点,大陆剧场,2,11,360,,2017-07-22 02:14,2017-07-22 02:14,0.000000,国语,大陆,15660.000000,5522640.000000,24420,语言,中文,美国,中文,古代世界
11122,11241,古代世界,397,2,精彩点/大陆剧场,精彩点,大陆剧场,2,11,360,,2017-07-22 02:14,2017-07-22 02:14,0.000000,国语,大陆,15660.000000,5522640.000000,24420,节目分类,大陆剧场,大陆,中文,古代世界
11122,11241,古代世界,397,2,精彩点/大陆剧场,精彩点,大陆剧场,2,11,360,,2017-07-22 02:14,2017-07-22 02:14,0.000000,国语,大陆,15660.000000,5522640.000000,24420,地区,大陆,大陆,中文,古代世界
11122,11241,古代世界,397,2,精彩点/大陆剧场,精彩点,大陆剧场,2,11,360,,2017-07-22 02:14,2017-07-22 02:14,0.000000,国语,大陆,15660.000000,5522640.000000,24420,节目归属,精彩点,大陆,中文,古代世界
11122,11241,古代世界,397,2,精彩点/大陆剧场,精彩点,大陆剧场,2,11,360,,2017-07-22 02:14,2017-07-22 02:14,0.000000,国语,大陆,15660.000000,5522640.000000,24420,语言,中文,大陆,中文,古代世界
10316,10376,极限挑战 第二季20160501期,1126,1,精彩点/综艺娱乐,精彩点,综艺娱乐,2,21,180,,2017-08-20 19:32,2017-08-20 19:32,0.000000,国语,大陆,3102840.000000,6653040.000000,222600,节目分类,综艺娱乐,大陆,中文,极限挑战 第二季20160501期
10316,10376,极限挑战 第二季20160501期,1126,1,精彩点/综艺娱乐,精彩点,综艺娱乐,2,21,180,,2017-08-20 19:32,2017-08-20 19:32,0.000000,国语,大陆,3102840.000000,6653040.000000,222600,地区,大陆,大陆,中文,极限挑战 第二季20160501期
10316,10376,极限挑战 第二季20160501期,1126,1,精彩点/综艺娱乐,精彩点,综艺娱乐,2,21,180,,2017-08-20 19:32,2017-08-20 19:32,0.000000,国语,大陆,3102840.000000,6653040.000000,222600,节目归属,精彩点,大陆,中文,极限挑战 第二季20160501期
10316,10376,极限挑战 第二季20160501期,1126,1,精彩点/综艺娱乐,精彩点,综艺娱乐,2,21,180,,2017-08-20 19:32,2017-08-20 19:32,0.000000,国语,大陆,3102840.000000,6653040.000000,222600,语言,中文,大陆,中文,极限挑战 第二季20160501期
10172,11229,疯狂小糖,1427,4,精彩点/电视剧场,精彩点,电视剧场,2,12,540,,2017-09-09 09:59,2017-09-09 12:53,10440.000000,国语,大陆,6052260.000000,7815600.000000,517920,节目分类,电视剧场,大陆,中文,疯狂小糖
10172,11229,疯狂小糖,1427,4,精彩点/电视剧场,精彩点,电视剧场,2,12,540,,2017-09-09 09:59,2017-09-09 12:53,10440.000000,国语,大陆,6052260.000000,7815600.000000,517920,地区,大陆,大陆,中文,疯狂小糖
10172,11229,疯狂小糖,1427,4,精彩点/电视剧场,精彩点,电视剧场,2,12,540,,2017-09-09 09:59,2017-09-09 12:53,10440.000000,国语,大陆,6052260.000000,7815600.000000,517920,节目归属,精彩点,大陆,中文,疯狂小糖
10172,11229,疯狂小糖,1427,4,精彩点/电视剧场,精彩点,电视剧场,2,12,540,,2017-09-09 09:59,2017-09-09 12:53,10440.000000,国语,大陆,6052260.000000,7815600.000000,517920,语言,中文,大陆,中文,疯狂小糖
11075,10013,熊出没之丛林总动员,1272,12,精彩点/大陆剧场,精彩点,大陆剧场,2,11,1920,,2017-08-17 11:05,2017-08-31 19:08,1238580.000000,国语,大陆,4052160.000000,6603840.000000,303180,节目分类,大陆剧场,大陆,中文,熊出没之丛林总动员
11075,10013,熊出没之丛林总动员,1272,12,精彩点/大陆剧场,精彩点,大陆剧场,2,11,1920,,2017-08-17 11:05,2017-08-31 19:08,1238580.000000,国语,大陆,4052160.000000,6603840.000000,303180,地区,大陆,大陆,中文,熊出没之丛林总动员
11075,10013,熊出没之丛林总动员,1272,12,精彩点/大陆剧场,精彩点,大陆剧场,2,11,1920,,2017-08-17 11:05,2017-08-31 19:08,1238580.000000,国语,大陆,4052160.000000,6603840.000000,303180,节目归属,精彩点,大陆,中文,熊出没之丛林总动员
11075,10013,熊出没之丛林总动员,1272,12,精彩点/大陆剧场,精彩点,大陆剧场,2,11,1920,,2017-08-17 11:05,2017-08-31 19:08,1238580.000000,国语,大陆,4052160.000000,6603840.000000,303180,语言,中文,大陆,中文,熊出没之丛林总动员
10860,10339,麻雀,2081,1,精彩点/大陆剧场,精彩点,大陆剧场,2,11,1800,,2017-09-12 18:52,2017-09-12 18:52,0.000000,粤语,大陆,6288900.000000,7861320.000000,199320,节目分类,大陆剧场,大陆,中文,麻雀
10860,10339,麻雀,2081,1,精彩点/大陆剧场,精彩点,大陆剧场,2,11,1800,,2017-09-12 18:52,2017-09-12 18:52,0.000000,粤语,大陆,6288900.000000,7861320.000000,199320,地区,大陆,大陆,中文,麻雀
10860,10339,麻雀,2081,1,精彩点/大陆剧场,精彩点,大陆剧场,2,11,1800,,2017-09-12 18:52,2017-09-12 18:52,0.000000,粤语,大陆,6288900.000000,7861320.000000,199320,节目归属,精彩点,大陆,中文,麻雀
10860,10339,麻雀,2081,1,精彩点/大陆剧场,精彩点,大陆剧场,2,11,1800,,2017-09-12 18:52,2017-09-12 18:52,0.000000,粤语,大陆,6288900.000000,7861320.000000,199320,语言,中文,大陆,中文,麻雀
10799,10487,王牌对王牌 第二季：王源林俊杰隔空互动,1390,1,精彩点/综艺娱乐,精彩点,综艺娱乐,2,21,4080,,2017-09-21 21:24,2017-09-21 21:24,0.000000,国语,大陆,7107840.000000,7107840.000000,61440,节目分类,综艺娱乐,大陆,中文,王牌对王牌 第二季：王源林俊杰隔空互动
10799,10487,王牌对王牌 第二季：王源林俊杰隔空互动,1390,1,精彩点/综艺娱乐,精彩点,综艺娱乐,2,21,4080,,2017-09-21 21:24,2017-09-21 21:24,0.000000,国语,大陆,7107840.000000,7107840.000000,61440,地区,大陆,大陆,中文,王牌对王牌 第二季：王源林俊杰隔空互动
10799,10487,王牌对王牌 第二季：王源林俊杰隔空互动,1390,1,精彩点/综艺娱乐,精彩点,综艺娱乐,2,21,4080,,2017-09-21 21:24,2017-09-21 21:24,0.000000,国语,大陆,7107840.000000,7107840.000000,61440,节目归属,精彩点,大陆,中文,王牌对王牌 第二季：王源林俊杰隔空互动
10799,10487,王牌对王牌 第二季：王源林俊杰隔空互动,1390,1,精彩点/综艺娱乐,精彩点,综艺娱乐,2,21,4080,,2017-09-21 21:24,2017-09-21 21:24,0.000000,国语,大陆,7107840.000000,7107840.000000,61440,语言,中文,大陆,中文,王牌对王牌 第二季：王源林俊杰隔空互动
10939,10540,阿爷厨房2,1944,14,精彩点/综艺娱乐,精彩点,综艺娱乐,2,21,1500,,2017-07-31 15:02,2017-08-18 00:25,1502580.000000,粤语,香港,3802740.000000,7596840.000000,999780,节目分类,综艺娱乐,香港,中文,阿爷厨房2
10939,10540,阿爷厨房2,1944,14,精彩点/综艺娱乐,精彩点,综艺娱乐,2,21,1500,,2017-07-31 15:02,2017-08-18 00:25,1502580.000000,粤语,香港,3802740.000000,7596840.000000,999780,地区,香港,香港,中文,阿爷厨房2
10939,10540,阿爷厨房2,1944,14,精彩点/综艺娱乐,精彩点,综艺娱乐,2,21,1500,,2017-07-31 15:02,2017-08-18 00:25,1502580.000000,粤语,香港,3802740.000000,7596840.000000,999780,节目归属,精彩点,香港,中文,阿爷厨房2
10939,10540,阿爷厨房2,1944,14,精彩点/综艺娱乐,精彩点,综艺娱乐,2,21,1500,,2017-07-31 15:02,2017-08-18 00:25,1502580.000000,粤语,香港,3802740.000000,7596840.000000,999780,语言,中文,香港,中文,阿爷厨房2
10273,11218,中餐厅：黄晓明再掀定价风波,134,1,精彩点/综艺娱乐,精彩点,综艺娱乐,2,21,5385,20170808,2017-08-08 00:00,2017-08-08 00:00,0.000000,国语,大陆,3283200.000000,7344000.000000,112759.95999999998,节目分类,综艺娱乐,大陆,中文,中餐厅：黄晓明再掀定价风波
10273,11218,中餐厅：黄晓明再掀定价风波,134,1,精彩点/综艺娱乐,精彩点,综艺娱乐,2,21,5385,20170808,2017-08-08 00:00,2017-08-08 00:00,0.000000,国语,大陆,3283200.000000,7344000.000000,112759.95999999998,地区,大陆,大陆,中文,中餐厅：黄晓明再掀定价风波
10273,11218,中餐厅：黄晓明再掀定价风波,134,1,精彩点/综艺娱乐,精彩点,综艺娱乐,2,21,5385,20170808,2017-08-08 00:00,2017-08-08 00:00,0.000000,国语,大陆,3283200.000000,7344000.000000,112759.95999999998,节目归属,精彩点,大陆,中文,中餐厅：黄晓明再掀定价风波
10273,11218,中餐厅：黄晓明再掀定价风波,134,1,精彩点/综艺娱乐,精彩点,综艺娱乐,2,21,5385,20170808,2017-08-08 00:00,2017-08-08 00:00,0.000000,国语,大陆,3283200.000000,7344000.000000,112759.95999999998,语言,中文,大陆,中文,中餐厅：黄晓明再掀定价风波
10289,10413,超级飞侠二,1794,9,精彩点/电视剧场,精彩点,电视剧场,2,12,1560,,2017-07-17 11:31,2017-09-29 22:07,6431760.000000,国语,大陆,7851960.000000,7943040.000000,884457.14,节目分类,电视剧场,大陆,中文,超级飞侠二
10289,10413,超级飞侠二,1794,9,精彩点/电视剧场,精彩点,电视剧场,2,12,1560,,2017-07-17 11:31,2017-09-29 22:07,6431760.000000,国语,大陆,7851960.000000,7943040.000000,884457.14,地区,大陆,大陆,中文,超级飞侠二
10289,10413,超级飞侠二,1794,9,精彩点/电视剧场,精彩点,电视剧场,2,12,1560,,2017-07-17 11:31,2017-09-29 22:07,6431760.000000,国语,大陆,7851960.000000,7943040.000000,884457.14,节目归属,精彩点,大陆,中文,超级飞侠二
10289,10413,超级飞侠二,1794,9,精彩点/电视剧场,精彩点,电视剧场,2,12,1560,,2017-07-17 11:31,2017-09-29 22:07,6431760.000000,国语,大陆,7851960.000000,7943040.000000,884457.14,语言,中文,大陆,中文,超级飞侠二
10871,10605,非凡任务,1983,2,精彩点/动作,精彩点,动作,2,15,7740,,2017-09-02 20:59,2017-09-02 20:59,0.000000,国语,大陆,3981360.000000,6060180.000000,51240,节目分类,动作,大陆,中文,非凡任务
10871,10605,非凡任务,1983,2,精彩点/动作,精彩点,动作,2,15,7740,,2017-09-02 20:59,2017-09-02 20:59,0.000000,国语,大陆,3981360.000000,6060180.000000,51240,地区,大陆,大陆,中文,非凡任务
10871,10605,非凡任务,1983,2,精彩点/动作,精彩点,动作,2,15,7740,,2017-09-02 20:59,2017-09-02 20:59,0.000000,国语,大陆,3981360.000000,6060180.000000,51240,节目归属,精彩点,大陆,中文,非凡任务
10871,10605,非凡任务,1983,2,精彩点/动作,精彩点,动作,2,15,7740,,2017-09-02 20:59,2017-09-02 20:59,0.000000,国语,大陆,3981360.000000,6060180.000000,51240,语言,中文,大陆,中文,非凡任务
10860,10339,极限挑战 第一季20150719期,1107,1,精彩点/综艺娱乐,精彩点,综艺娱乐,2,21,6240,,2017-07-23 11:07,2017-07-23 11:07,0.000000,国语,大陆,1854600.000000,7861320.000000,199320,节目分类,综艺娱乐,大陆,中文,极限挑战 第一季20150719期
10860,10339,极限挑战 第一季20150719期,1107,1,精彩点/综艺娱乐,精彩点,综艺娱乐,2,21,6240,,2017-07-23 11:07,2017-07-23 11:07,0.000000,国语,大陆,1854600.000000,7861320.000000,199320,地区,大陆,大陆,中文,极限挑战 第一季20150719期
10860,10339,极限挑战 第一季20150719期,1107,1,精彩点/综艺娱乐,精彩点,综艺娱乐,2,21,6240,,2017-07-23 11:07,2017-07-23 11:07,0.000000,国语,大陆,1854600.000000,7861320.000000,199320,节目归属,精彩点,大陆,中文,极限挑战 第一季20150719期
10860,10339,极限挑战 第一季20150719期,1107,1,精彩点/综艺娱乐,精彩点,综艺娱乐,2,21,6240,,2017-07-23 11:07,2017-07-23 11:07,0.000000,国语,大陆,1854600.000000,7861320.000000,199320,语言,中文,大陆,中文,极限挑战 第一季20150719期
10954,10566,生死连,1415,1,精彩点/大陆剧场,精彩点,大陆剧场,2,11,360,,2017-08-16 16:13,2017-08-16 16:13,0.000000,国语,大陆,4033860.000000,7890600.000000,465540,节目分类,大陆剧场,大陆,中文,生死连
10954,10566,生死连,1415,1,精彩点/大陆剧场,精彩点,大陆剧场,2,11,360,,2017-08-16 16:13,2017-08-16 16:13,0.000000,国语,大陆,4033860.000000,7890600.000000,465540,地区,大陆,大陆,中文,生死连
10954,10566,生死连,1415,1,精彩点/大陆剧场,精彩点,大陆剧场,2,11,360,,2017-08-16 16:13,2017-08-16 16:13,0.000000,国语,大陆,4033860.000000,7890600.000000,465540,节目归属,精彩点,大陆,中文,生死连
10954,10566,生死连,1415,1,精彩点/大陆剧场,精彩点,大陆剧场,2,11,360,,2017-08-16 16:13,2017-08-16 16:13,0.000000,国语,大陆,4033860.000000,7890600.000000,465540,语言,中文,大陆,中文,生死连
10750,10036,赌城群英会,1771,3,精彩点/港台剧场,精彩点,港台剧场,2,20,2460,,2017-07-14 21:37,2017-08-03 21:16,1726740.000000,粤语,香港,2243640.000000,7141020.000000,68670.26,节目分类,港台剧场,香港,中文,赌城群英会
10750,10036,赌城群英会,1771,3,精彩点/港台剧场,精彩点,港台剧场,2,20,2460,,2017-07-14 21:37,2017-08-03 21:16,1726740.000000,粤语,香港,2243640.000000,7141020.000000,68670.26,地区,香港,香港,中文,赌城群英会
10750,10036,赌城群英会,1771,3,精彩点/港台剧场,精彩点,港台剧场,2,20,2460,,2017-07-14 21:37,2017-08-03 21:16,1726740.000000,粤语,香港,2243640.000000,7141020.000000,68670.26,节目归属,精彩点,香港,中文,赌城群英会
10750,10036,赌城群英会,1771,3,精彩点/港台剧场,精彩点,港台剧场,2,20,2460,,2017-07-14 21:37,2017-08-03 21:16,1726740.000000,粤语,香港,2243640.000000,7141020.000000,68670.26,语言,中文,香港,中文,赌城群英会
11103,10581,老广的味道,1591,3,精彩点/科学教育,精彩点,科学教育,2,22,2700,,2017-08-02 09:31,2017-08-02 11:01,5400.000000,国语,大陆,914100.000000,5699340.000000,125400,节目分类,科学教育,大陆,中文,老广的味道
11103,10581,老广的味道,1591,3,精彩点/科学教育,精彩点,科学教育,2,22,2700,,2017-08-02 09:31,2017-08-02 11:01,5400.000000,国语,大陆,914100.000000,5699340.000000,125400,地区,大陆,大陆,中文,老广的味道
11103,10581,老广的味道,1591,3,精彩点/科学教育,精彩点,科学教育,2,22,2700,,2017-08-02 09:31,2017-08-02 11:01,5400.000000,国语,大陆,914100.000000,5699340.000000,125400,节目归属,精彩点,大陆,中文,老广的味道
11103,10581,老广的味道,1591,3,精彩点/科学教育,精彩点,科学教育,2,22,2700,,2017-08-02 09:31,2017-08-02 11:01,5400.000000,国语,大陆,914100.000000,5699340.000000,125400,语言,中文,大陆,中文,老广的味道
10905,10555,小猪佩奇,680,1,精彩点/大陆剧场,精彩点,大陆剧场,2,11,1620,,2017-07-27 22:20,2017-07-27 22:20,0.000000,国语,大陆,2171640.000000,7774020.000000,31980,节目分类,大陆剧场,大陆,中文,小猪佩奇
10905,10555,小猪佩奇,680,1,精彩点/大陆剧场,精彩点,大陆剧场,2,11,1620,,2017-07-27 22:20,2017-07-27 22:20,0.000000,国语,大陆,2171640.000000,7774020.000000,31980,地区,大陆,大陆,中文,小猪佩奇
10905,10555,小猪佩奇,680,1,精彩点/大陆剧场,精彩点,大陆剧场,2,11,1620,,2017-07-27 22:20,2017-07-27 22:20,0.000000,国语,大陆,2171640.000000,7774020.000000,31980,节目归属,精彩点,大陆,中文,小猪佩奇
10905,10555,小猪佩奇,680,1,精彩点/大陆剧场,精彩点,大陆剧场,2,11,1620,,2017-07-27 22:20,2017-07-27 22:20,0.000000,国语,大陆,2171640.000000,7774020.000000,31980,语言,中文,大陆,中文,小猪佩奇
10993,11168,一粒红尘,57,3,精彩点/大陆剧场,精彩点,大陆剧场,2,11,60,,2017-07-04 20:59,2017-07-07 23:36,268620.000000,国语,大陆,480480.000000,4422540.000000,93120,节目分类,大陆剧场,大陆,中文,一粒红尘
10993,11168,一粒红尘,57,3,精彩点/大陆剧场,精彩点,大陆剧场,2,11,60,,2017-07-04 20:59,2017-07-07 23:36,268620.000000,国语,大陆,480480.000000,4422540.000000,93120,地区,大陆,大陆,中文,一粒红尘
10993,11168,一粒红尘,57,3,精彩点/大陆剧场,精彩点,大陆剧场,2,11,60,,2017-07-04 20:59,2017-07-07 23:36,268620.000000,国语,大陆,480480.000000,4422540.000000,93120,节目归属,精彩点,大陆,中文,一粒红尘
10993,11168,一粒红尘,57,3,精彩点/大陆剧场,精彩点,大陆剧场,2,11,60,,2017-07-04 20:59,2017-07-07 23:36,268620.000000,国语,大陆,480480.000000,4422540.000000,93120,语言,中文,大陆,中文,一粒红尘
10449,10751,新侠客行,942,7,精彩点/大陆剧场,精彩点,大陆剧场,2,11,2460,,2017-07-11 07:46,2017-07-11 10:59,11580.000000,国语,大陆,433800.000000,6508920.000000,37680,节目分类,大陆剧场,大陆,中文,新侠客行
10449,10751,新侠客行,942,7,精彩点/大陆剧场,精彩点,大陆剧场,2,11,2460,,2017-07-11 07:46,2017-07-11 10:59,11580.000000,国语,大陆,433800.000000,6508920.000000,37680,地区,大陆,大陆,中文,新侠客行
10449,10751,新侠客行,942,7,精彩点/大陆剧场,精彩点,大陆剧场,2,11,2460,,2017-07-11 07:46,2017-07-11 10:59,11580.000000,国语,大陆,433800.000000,6508920.000000,37680,节目归属,精彩点,大陆,中文,新侠客行
10449,10751,新侠客行,942,7,精彩点/大陆剧场,精彩点,大陆剧场,2,11,2460,,2017-07-11 07:46,2017-07-11 10:59,11580.000000,国语,大陆,433800.000000,6508920.000000,37680,语言,中文,大陆,中文,新侠客行
10376,10321,踩过界,1828,3,精彩点/港台剧场,精彩点,港台剧场,2,20,2400,,2017-09-10 23:22,2017-09-11 00:05,2580.000000,粤语,香港,5833560.000000,7025220.000000,106560,节目分类,港台剧场,香港,中文,踩过界
10376,10321,踩过界,1828,3,精彩点/港台剧场,精彩点,港台剧场,2,20,2400,,2017-09-10 23:22,2017-09-11 00:05,2580.000000,粤语,香港,5833560.000000,7025220.000000,106560,地区,香港,香港,中文,踩过界
10376,10321,踩过界,1828,3,精彩点/港台剧场,精彩点,港台剧场,2,20,2400,,2017-09-10 23:22,2017-09-11 00:05,2580.000000,粤语,香港,5833560.000000,7025220.000000,106560,节目归属,精彩点,香港,中文,踩过界
10376,10321,踩过界,1828,3,精彩点/港台剧场,精彩点,港台剧场,2,20,2400,,2017-09-10 23:22,2017-09-11 00:05,2580.000000,粤语,香港,5833560.000000,7025220.000000,106560,语言,中文,香港,中文,踩过界
10925,10718,偷书贼,247,8,精彩点/战争,精彩点,战争,2,31,75720,,2017-07-02 21:08,2017-07-10 09:29,649260.000000,英语,美国,776340.000000,6735300.000000,181500,节目分类,战争,美国,中文,偷书贼
10925,10718,偷书贼,247,8,精彩点/战争,精彩点,战争,2,31,75720,,2017-07-02 21:08,2017-07-10 09:29,649260.000000,英语,美国,776340.000000,6735300.000000,181500,地区,美国,美国,中文,偷书贼
10925,10718,偷书贼,247,8,精彩点/战争,精彩点,战争,2,31,75720,,2017-07-02 21:08,2017-07-10 09:29,649260.000000,英语,美国,776340.000000,6735300.000000,181500,节目归属,精彩点,美国,中文,偷书贼
10925,10718,偷书贼,247,8,精彩点/战争,精彩点,战争,2,31,75720,,2017-07-02 21:08,2017-07-10 09:29,649260.000000,英语,美国,776340.000000,6735300.000000,181500,语言,中文,美国,中文,偷书贼
10786,10489,通天狄仁杰,1863,37,精彩点/大陆剧场,精彩点,大陆剧场,2,11,1260,,2017-09-01 07:54,2017-09-22 16:11,1844220.000000,国语,大陆,7162320.000000,7837860.000000,13740,节目分类,大陆剧场,大陆,中文,通天狄仁杰
10786,10489,通天狄仁杰,1863,37,精彩点/大陆剧场,精彩点,大陆剧场,2,11,1260,,2017-09-01 07:54,2017-09-22 16:11,1844220.000000,国语,大陆,7162320.000000,7837860.000000,13740,地区,大陆,大陆,中文,通天狄仁杰
10786,10489,通天狄仁杰,1863,37,精彩点/大陆剧场,精彩点,大陆剧场,2,11,1260,,2017-09-01 07:54,2017-09-22 16:11,1844220.000000,国语,大陆,7162320.000000,7837860.000000,13740,节目归属,精彩点,大陆,中文,通天狄仁杰
10786,10489,通天狄仁杰,1863,37,精彩点/大陆剧场,精彩点,大陆剧场,2,11,1260,,2017-09-01 07:54,2017-09-22 16:11,1844220.000000,国语,大陆,7162320.000000,7837860.000000,13740,语言,中文,大陆,中文,通天狄仁杰
10721,10032,中国新歌声 第二季：周董自曝撩妹套路,114,2,精彩点/综艺娱乐,精彩点,综艺娱乐,2,21,3540,,2017-08-05 13:44,2017-08-05 14:50,3960.000000,国语,大陆,3043920.000000,7895880.000000,67140,节目分类,综艺娱乐,大陆,中文,中国新歌声 第二季：周董自曝撩妹套路
10721,10032,中国新歌声 第二季：周董自曝撩妹套路,114,2,精彩点/综艺娱乐,精彩点,综艺娱乐,2,21,3540,,2017-08-05 13:44,2017-08-05 14:50,3960.000000,国语,大陆,3043920.000000,7895880.000000,67140,地区,大陆,大陆,中文,中国新歌声 第二季：周董自曝撩妹套路
10721,10032,中国新歌声 第二季：周董自曝撩妹套路,114,2,精彩点/综艺娱乐,精彩点,综艺娱乐,2,21,3540,,2017-08-05 13:44,2017-08-05 14:50,3960.000000,国语,大陆,3043920.000000,7895880.000000,67140,节目归属,精彩点,大陆,中文,中国新歌声 第二季：周董自曝撩妹套路
10721,10032,中国新歌声 第二季：周董自曝撩妹套路,114,2,精彩点/综艺娱乐,精彩点,综艺娱乐,2,21,3540,,2017-08-05 13:44,2017-08-05 14:50,3960.000000,国语,大陆,3043920.000000,7895880.000000,67140,语言,中文,大陆,中文,中国新歌声 第二季：周董自曝撩妹套路
10246,10202,中国新歌声 第二季：周董自曝撩妹套路,114,4,精彩点/综艺娱乐,精彩点,综艺娱乐,2,21,4740,,2017-07-30 20:20,2017-07-31 23:27,97620.000000,国语,大陆,2617320.000000,7884420.000000,846660,节目分类,综艺娱乐,大陆,中文,中国新歌声 第二季：周董自曝撩妹套路
10246,10202,中国新歌声 第二季：周董自曝撩妹套路,114,4,精彩点/综艺娱乐,精彩点,综艺娱乐,2,21,4740,,2017-07-30 20:20,2017-07-31 23:27,97620.000000,国语,大陆,2617320.000000,7884420.000000,846660,地区,大陆,大陆,中文,中国新歌声 第二季：周董自曝撩妹套路
10246,10202,中国新歌声 第二季：周董自曝撩妹套路,114,4,精彩点/综艺娱乐,精彩点,综艺娱乐,2,21,4740,,2017-07-30 20:20,2017-07-31 23:27,97620.000000,国语,大陆,2617320.000000,7884420.000000,846660,节目归属,精彩点,大陆,中文,中国新歌声 第二季：周董自曝撩妹套路
10246,10202,中国新歌声 第二季：周董自曝撩妹套路,114,4,精彩点/综艺娱乐,精彩点,综艺娱乐,2,21,4740,,2017-07-30 20:20,2017-07-31 23:27,97620.000000,国语,大陆,2617320.000000,7884420.000000,846660,语言,中文,大陆,中文,中国新歌声 第二季：周董自曝撩妹套路
10316,10376,中餐厅：赵薇晓明“相爱相杀”,132,1,精彩点/综艺娱乐,精彩点,综艺娱乐,2,21,3540,,2017-07-24 18:54,2017-07-24 18:54,0.000000,国语,大陆,767760.000000,6653040.000000,222600,节目分类,综艺娱乐,大陆,中文,中餐厅：赵薇晓明“相爱相杀”
10316,10376,中餐厅：赵薇晓明“相爱相杀”,132,1,精彩点/综艺娱乐,精彩点,综艺娱乐,2,21,3540,,2017-07-24 18:54,2017-07-24 18:54,0.000000,国语,大陆,767760.000000,6653040.000000,222600,地区,大陆,大陆,中文,中餐厅：赵薇晓明“相爱相杀”
10316,10376,中餐厅：赵薇晓明“相爱相杀”,132,1,精彩点/综艺娱乐,精彩点,综艺娱乐,2,21,3540,,2017-07-24 18:54,2017-07-24 18:54,0.000000,国语,大陆,767760.000000,6653040.000000,222600,节目归属,精彩点,大陆,中文,中餐厅：赵薇晓明“相爱相杀”
10316,10376,中餐厅：赵薇晓明“相爱相杀”,132,1,精彩点/综艺娱乐,精彩点,综艺娱乐,2,21,3540,,2017-07-24 18:54,2017-07-24 18:54,0.000000,国语,大陆,767760.000000,6653040.000000,222600,语言,中文,大陆,中文,中餐厅：赵薇晓明“相爱相杀”
10249,10641,仙剑奇侠传三,215,1,热点专题/大陆剧场,热点专题,大陆剧场,1,11,180,,2017-09-02 15:27,2017-09-02 15:27,0.000000,国语,大陆,5498580.000000,7936740.000000,701760,节目分类,大陆剧场,大陆,中文,仙剑奇侠传三
10249,10641,仙剑奇侠传三,215,1,热点专题/大陆剧场,热点专题,大陆剧场,1,11,180,,2017-09-02 15:27,2017-09-02 15:27,0.000000,国语,大陆,5498580.000000,7936740.000000,701760,地区,大陆,大陆,中文,仙剑奇侠传三
10249,10641,仙剑奇侠传三,215,1,热点专题/大陆剧场,热点专题,大陆剧场,1,11,180,,2017-09-02 15:27,2017-09-02 15:27,0.000000,国语,大陆,5498580.000000,7936740.000000,701760,节目归属,热点专题,大陆,中文,仙剑奇侠传三
10249,10641,仙剑奇侠传三,215,1,热点专题/大陆剧场,热点专题,大陆剧场,1,11,180,,2017-09-02 15:27,2017-09-02 15:27,0.000000,国语,大陆,5498580.000000,7936740.000000,701760,语言,中文,大陆,中文,仙剑奇侠传三
10966,10656,秋收起义,1512,1,精彩点/大陆剧场,精彩点,大陆剧场,2,11,1140,,2017-08-09 17:19,2017-08-09 17:19,0.000000,国语,大陆,3316860.000000,7725120.000000,85380,节目分类,大陆剧场,大陆,中文,秋收起义
10966,10656,秋收起义,1512,1,精彩点/大陆剧场,精彩点,大陆剧场,2,11,1140,,2017-08-09 17:19,2017-08-09 17:19,0.000000,国语,大陆,3316860.000000,7725120.000000,85380,地区,大陆,大陆,中文,秋收起义
10966,10656,秋收起义,1512,1,精彩点/大陆剧场,精彩点,大陆剧场,2,11,1140,,2017-08-09 17:19,2017-08-09 17:19,0.000000,国语,大陆,3316860.000000,7725120.000000,85380,节目归属,精彩点,大陆,中文,秋收起义
10966,10656,秋收起义,1512,1,精彩点/大陆剧场,精彩点,大陆剧场,2,11,1140,,2017-08-09 17:19,2017-08-09 17:19,0.000000,国语,大陆,3316860.000000,7725120.000000,85380,语言,中文,大陆,中文,秋收起义
11299,11153,中餐厅：黄晓明出游玩“失踪”,135,1,精彩点/综艺娱乐,精彩点,综艺娱乐,2,21,5760,,2017-09-25 20:05,2017-09-25 20:05,0.000000,国语,大陆,5659980.000000,5919660.000000,526080,节目分类,综艺娱乐,大陆,中文,中餐厅：黄晓明出游玩“失踪”
11299,11153,中餐厅：黄晓明出游玩“失踪”,135,1,精彩点/综艺娱乐,精彩点,综艺娱乐,2,21,5760,,2017-09-25 20:05,2017-09-25 20:05,0.000000,国语,大陆,5659980.000000,5919660.000000,526080,地区,大陆,大陆,中文,中餐厅：黄晓明出游玩“失踪”
11299,11153,中餐厅：黄晓明出游玩“失踪”,135,1,精彩点/综艺娱乐,精彩点,综艺娱乐,2,21,5760,,2017-09-25 20:05,2017-09-25 20:05,0.000000,国语,大陆,5659980.000000,5919660.000000,526080,节目归属,精彩点,大陆,中文,中餐厅：黄晓明出游玩“失踪”
11299,11153,中餐厅：黄晓明出游玩“失踪”,135,1,精彩点/综艺娱乐,精彩点,综艺娱乐,2,21,5760,,2017-09-25 20:05,2017-09-25 20:05,0.000000,国语,大陆,5659980.000000,5919660.000000,526080,语言,中文,大陆,中文,中餐厅：黄晓明出游玩“失踪”
10770,10684,疯岳撬佳人,1423,2,精彩点/爱情,精彩点,爱情,2,19,3420,,2017-08-14 12:36,2017-08-14 12:36,0.000000,国语,大陆,3819240.000000,7915320.000000,752134.33,节目分类,爱情,大陆,中文,疯岳撬佳人
10770,10684,疯岳撬佳人,1423,2,精彩点/爱情,精彩点,爱情,2,19,3420,,2017-08-14 12:36,2017-08-14 12:36,0.000000,国语,大陆,3819240.000000,7915320.000000,752134.33,地区,大陆,大陆,中文,疯岳撬佳人
10770,10684,疯岳撬佳人,1423,2,精彩点/爱情,精彩点,爱情,2,19,3420,,2017-08-14 12:36,2017-08-14 12:36,0.000000,国语,大陆,3819240.000000,7915320.000000,752134.33,节目归属,精彩点,大陆,中文,疯岳撬佳人
10770,10684,疯岳撬佳人,1423,2,精彩点/爱情,精彩点,爱情,2,19,3420,,2017-08-14 12:36,2017-08-14 12:36,0.000000,国语,大陆,3819240.000000,7915320.000000,752134.33,语言,中文,大陆,中文,疯岳撬佳人
10707,10634,奔跑吧：收官之战！邓超遇王力宏变迷弟,573,1,精彩点/综艺娱乐,精彩点,综艺娱乐,2,21,1800,,2017-09-03 21:09,2017-09-03 21:09,0.000000,国语,大陆,1403940.000000,2955960.000000,171180,节目分类,综艺娱乐,大陆,中文,奔跑吧：收官之战！邓超遇王力宏变迷弟
10707,10634,奔跑吧：收官之战！邓超遇王力宏变迷弟,573,1,精彩点/综艺娱乐,精彩点,综艺娱乐,2,21,1800,,2017-09-03 21:09,2017-09-03 21:09,0.000000,国语,大陆,1403940.000000,2955960.000000,171180,地区,大陆,大陆,中文,奔跑吧：收官之战！邓超遇王力宏变迷弟
10707,10634,奔跑吧：收官之战！邓超遇王力宏变迷弟,573,1,精彩点/综艺娱乐,精彩点,综艺娱乐,2,21,1800,,2017-09-03 21:09,2017-09-03 21:09,0.000000,国语,大陆,1403940.000000,2955960.000000,171180,节目归属,精彩点,大陆,中文,奔跑吧：收官之战！邓超遇王力宏变迷弟
10707,10634,奔跑吧：收官之战！邓超遇王力宏变迷弟,573,1,精彩点/综艺娱乐,精彩点,综艺娱乐,2,21,1800,,2017-09-03 21:09,2017-09-03 21:09,0.000000,国语,大陆,1403940.000000,2955960.000000,171180,语言,中文,大陆,中文,奔跑吧：收官之战！邓超遇王力宏变迷弟
10102,10136,今晚80后脱口秀：算什么男人,206,2,精彩点/综艺娱乐,精彩点,综艺娱乐,2,21,180,,2017-08-27 18:04,2017-08-27 18:44,2400.000000,国语,大陆,4952220.000000,7359480.000000,177720,节目分类,综艺娱乐,大陆,中文,今晚80后脱口秀：算什么男人
10102,10136,今晚80后脱口秀：算什么男人,206,2,精彩点/综艺娱乐,精彩点,综艺娱乐,2,21,180,,2017-08-27 18:04,2017-08-27 18:44,2400.000000,国语,大陆,4952220.000000,7359480.000000,177720,地区,大陆,大陆,中文,今晚80后脱口秀：算什么男人
10102,10136,今晚80后脱口秀：算什么男人,206,2,精彩点/综艺娱乐,精彩点,综艺娱乐,2,21,180,,2017-08-27 18:04,2017-08-27 18:44,2400.000000,国语,大陆,4952220.000000,7359480.000000,177720,节目归属,精彩点,大陆,中文,今晚80后脱口秀：算什么男人
10102,10136,今晚80后脱口秀：算什么男人,206,2,精彩点/综艺娱乐,精彩点,综艺娱乐,2,21,180,,2017-08-27 18:04,2017-08-27 18:44,2400.000000,国语,大陆,4952220.000000,7359480.000000,177720,语言,中文,大陆,中文,今晚80后脱口秀：算什么男人
11094,11098,绝世高手,1561,2,精彩点/喜剧,精彩点,喜剧,2,23,1500,,2017-08-21 18:36,2017-08-21 18:36,0.000000,国语,大陆,4474020.000000,7779060.000000,91680,节目分类,喜剧,大陆,中文,绝世高手
11094,11098,绝世高手,1561,2,精彩点/喜剧,精彩点,喜剧,2,23,1500,,2017-08-21 18:36,2017-08-21 18:36,0.000000,国语,大陆,4474020.000000,7779060.000000,91680,地区,大陆,大陆,中文,绝世高手
11094,11098,绝世高手,1561,2,精彩点/喜剧,精彩点,喜剧,2,23,1500,,2017-08-21 18:36,2017-08-21 18:36,0.000000,国语,大陆,4474020.000000,7779060.000000,91680,节目归属,精彩点,大陆,中文,绝世高手
11094,11098,绝世高手,1561,2,精彩点/喜剧,精彩点,喜剧,2,23,1500,,2017-08-21 18:36,2017-08-21 18:36,0.000000,国语,大陆,4474020.000000,7779060.000000,91680,语言,中文,大陆,中文,绝世高手
10082,11141,少林问道,696,19,精彩点/大陆剧场,精彩点,大陆剧场,2,11,3240,,2017-09-07 13:31,2017-09-10 21:30,287940.000000,国语,大陆,5918580.000000,7632060.000000,71400,节目分类,大陆剧场,大陆,中文,少林问道
10082,11141,少林问道,696,19,精彩点/大陆剧场,精彩点,大陆剧场,2,11,3240,,2017-09-07 13:31,2017-09-10 21:30,287940.000000,国语,大陆,5918580.000000,7632060.000000,71400,地区,大陆,大陆,中文,少林问道
10082,11141,少林问道,696,19,精彩点/大陆剧场,精彩点,大陆剧场,2,11,3240,,2017-09-07 13:31,2017-09-10 21:30,287940.000000,国语,大陆,5918580.000000,7632060.000000,71400,节目归属,精彩点,大陆,中文,少林问道
10082,11141,少林问道,696,19,精彩点/大陆剧场,精彩点,大陆剧场,2,11,3240,,2017-09-07 13:31,2017-09-10 21:30,287940.000000,国语,大陆,5918580.000000,7632060.000000,71400,语言,中文,大陆,中文,少林问道
10089,10291,少林问道,696,4,精彩点/大陆剧场,精彩点,大陆剧场,2,11,600,,2017-07-25 01:51,2017-07-26 12:00,122940.000000,国语,大陆,1935900.000000,7503600.000000,99677.05,节目分类,大陆剧场,大陆,中文,少林问道
10089,10291,少林问道,696,4,精彩点/大陆剧场,精彩点,大陆剧场,2,11,600,,2017-07-25 01:51,2017-07-26 12:00,122940.000000,国语,大陆,1935900.000000,7503600.000000,99677.05,地区,大陆,大陆,中文,少林问道
10089,10291,少林问道,696,4,精彩点/大陆剧场,精彩点,大陆剧场,2,11,600,,2017-07-25 01:51,2017-07-26 12:00,122940.000000,国语,大陆,1935900.000000,7503600.000000,99677.05,节目归属,精彩点,大陆,中文,少林问道
10089,10291,少林问道,696,4,精彩点/大陆剧场,精彩点,大陆剧场,2,11,600,,2017-07-25 01:51,2017-07-26 12:00,122940.000000,国语,大陆,1935900.000000,7503600.000000,99677.05,语言,中文,大陆,中文,少林问道
10936,11219,亨利小怪兽 第一季,162,1,少儿乐园/大陆剧场,少儿乐园,大陆剧场,3,11,4560,,2017-09-10 09:02,2017-09-10 09:02,0.000000,国语,美国,5745360.000000,7008840.000000,69111.09,节目分类,大陆剧场,美国,中文,亨利小怪兽 第一季
10936,11219,亨利小怪兽 第一季,162,1,少儿乐园/大陆剧场,少儿乐园,大陆剧场,3,11,4560,,2017-09-10 09:02,2017-09-10 09:02,0.000000,国语,美国,5745360.000000,7008840.000000,69111.09,地区,美国,美国,中文,亨利小怪兽 第一季
10936,11219,亨利小怪兽 第一季,162,1,少儿乐园/大陆剧场,少儿乐园,大陆剧场,3,11,4560,,2017-09-10 09:02,2017-09-10 09:02,0.000000,国语,美国,5745360.000000,7008840.000000,69111.09,节目归属,少儿乐园,美国,中文,亨利小怪兽 第一季
10936,11219,亨利小怪兽 第一季,162,1,少儿乐园/大陆剧场,少儿乐园,大陆剧场,3,11,4560,,2017-09-10 09:02,2017-09-10 09:02,0.000000,国语,美国,5745360.000000,7008840.000000,69111.09,语言,中文,美国,中文,亨利小怪兽 第一季
10999,10547,极限挑战 第三季：夏雨变身木乃伊 张艺兴逆袭老狐狸,1116,1,精彩点/综艺娱乐,精彩点,综艺娱乐,2,21,7500,,2017-09-09 21:16,2017-09-09 21:16,0.000000,国语,大陆,5980140.000000,7786560.000000,91980,节目分类,综艺娱乐,大陆,中文,极限挑战 第三季：夏雨变身木乃伊 张艺兴逆袭老狐狸
10999,10547,极限挑战 第三季：夏雨变身木乃伊 张艺兴逆袭老狐狸,1116,1,精彩点/综艺娱乐,精彩点,综艺娱乐,2,21,7500,,2017-09-09 21:16,2017-09-09 21:16,0.000000,国语,大陆,5980140.000000,7786560.000000,91980,地区,大陆,大陆,中文,极限挑战 第三季：夏雨变身木乃伊 张艺兴逆袭老狐狸
10999,10547,极限挑战 第三季：夏雨变身木乃伊 张艺兴逆袭老狐狸,1116,1,精彩点/综艺娱乐,精彩点,综艺娱乐,2,21,7500,,2017-09-09 21:16,2017-09-09 21:16,0.000000,国语,大陆,5980140.000000,7786560.000000,91980,节目归属,精彩点,大陆,中文,极限挑战 第三季：夏雨变身木乃伊 张艺兴逆袭老狐狸
10999,10547,极限挑战 第三季：夏雨变身木乃伊 张艺兴逆袭老狐狸,1116,1,精彩点/综艺娱乐,精彩点,综艺娱乐,2,21,7500,,2017-09-09 21:16,2017-09-09 21:16,0.000000,国语,大陆,5980140.000000,7786560.000000,91980,语言,中文,大陆,中文,极限挑战 第三季：夏雨变身木乃伊 张艺兴逆袭老狐狸
10947,10308,极限挑战 第二季20160703期,1135,1,精彩点/综艺娱乐,精彩点,综艺娱乐,2,21,72660,,2017-08-28 23:27,2017-08-28 23:27,0.000000,国语,大陆,4763160.000000,7083180.000000,388620,节目分类,综艺娱乐,大陆,中文,极限挑战 第二季20160703期
10947,10308,极限挑战 第二季20160703期,1135,1,精彩点/综艺娱乐,精彩点,综艺娱乐,2,21,72660,,2017-08-28 23:27,2017-08-28 23:27,0.000000,国语,大陆,4763160.000000,7083180.000000,388620,地区,大陆,大陆,中文,极限挑战 第二季20160703期
10947,10308,极限挑战 第二季20160703期,1135,1,精彩点/综艺娱乐,精彩点,综艺娱乐,2,21,72660,,2017-08-28 23:27,2017-08-28 23:27,0.000000,国语,大陆,4763160.000000,7083180.000000,388620,节目归属,精彩点,大陆,中文,极限挑战 第二季20160703期
10947,10308,极限挑战 第二季20160703期,1135,1,精彩点/综艺娱乐,精彩点,综艺娱乐,2,21,72660,,2017-08-28 23:27,2017-08-28 23:27,0.000000,国语,大陆,4763160.000000,7083180.000000,388620,语言,中文,大陆,中文,极限挑战 第二季20160703期
10319,10687,猪猪侠之五灵守卫者,1367,1,精彩点/电视剧场,精彩点,电视剧场,2,12,6180,,2017-07-18 11:01,2017-07-18 11:01,0.000000,国语,大陆,1380240.000000,7812660.000000,301560,节目分类,电视剧场,大陆,中文,猪猪侠之五灵守卫者
10319,10687,猪猪侠之五灵守卫者,1367,1,精彩点/电视剧场,精彩点,电视剧场,2,12,6180,,2017-07-18 11:01,2017-07-18 11:01,0.000000,国语,大陆,1380240.000000,7812660.000000,301560,地区,大陆,大陆,中文,猪猪侠之五灵守卫者
10319,10687,猪猪侠之五灵守卫者,1367,1,精彩点/电视剧场,精彩点,电视剧场,2,12,6180,,2017-07-18 11:01,2017-07-18 11:01,0.000000,国语,大陆,1380240.000000,7812660.000000,301560,节目归属,精彩点,大陆,中文,猪猪侠之五灵守卫者
10319,10687,猪猪侠之五灵守卫者,1367,1,精彩点/电视剧场,精彩点,电视剧场,2,12,6180,,2017-07-18 11:01,2017-07-18 11:01,0.000000,国语,大陆,1380240.000000,7812660.000000,301560,语言,中文,大陆,中文,猪猪侠之五灵守卫者
10782,10356,极限挑战 第一季20150614期,1102,2,精彩点/综艺娱乐,精彩点,综艺娱乐,2,21,60,,2017-07-15 12:41,2017-07-15 12:42,60.000000,国语,大陆,1205640.000000,7288980.000000,297840,节目分类,综艺娱乐,大陆,中文,极限挑战 第一季20150614期
10782,10356,极限挑战 第一季20150614期,1102,2,精彩点/综艺娱乐,精彩点,综艺娱乐,2,21,60,,2017-07-15 12:41,2017-07-15 12:42,60.000000,国语,大陆,1205640.000000,7288980.000000,297840,地区,大陆,大陆,中文,极限挑战 第一季20150614期
10782,10356,极限挑战 第一季20150614期,1102,2,精彩点/综艺娱乐,精彩点,综艺娱乐,2,21,60,,2017-07-15 12:41,2017-07-15 12:42,60.000000,国语,大陆,1205640.000000,7288980.000000,297840,节目归属,精彩点,大陆,中文,极限挑战 第一季20150614期
10782,10356,极限挑战 第一季20150614期,1102,2,精彩点/综艺娱乐,精彩点,综艺娱乐,2,21,60,,2017-07-15 12:41,2017-07-15 12:42,60.000000,国语,大陆,1205640.000000,7288980.000000,297840,语言,中文,大陆,中文,极限挑战 第一季20150614期
10999,10547,发现：天上王陵,379,3,精彩点/科学教育,精彩点,科学教育,2,22,1440,,2017-09-04 16:41,2017-09-04 17:29,2880.000000,国语,大陆,5534520.000000,7786560.000000,91980,节目分类,科学教育,大陆,中文,发现：天上王陵
10999,10547,发现：天上王陵,379,3,精彩点/科学教育,精彩点,科学教育,2,22,1440,,2017-09-04 16:41,2017-09-04 17:29,2880.000000,国语,大陆,5534520.000000,7786560.000000,91980,地区,大陆,大陆,中文,发现：天上王陵
10999,10547,发现：天上王陵,379,3,精彩点/科学教育,精彩点,科学教育,2,22,1440,,2017-09-04 16:41,2017-09-04 17:29,2880.000000,国语,大陆,5534520.000000,7786560.000000,91980,节目归属,精彩点,大陆,中文,发现：天上王陵
10999,10547,发现：天上王陵,379,3,精彩点/科学教育,精彩点,科学教育,2,22,1440,,2017-09-04 16:41,2017-09-04 17:29,2880.000000,国语,大陆,5534520.000000,7786560.000000,91980,语言,中文,大陆,中文,发现：天上王陵
10170,11265,暗黑杀神,1029,2,精彩点/其他,精彩点,其他,2,26,4140,,2017-07-03 19:58,2017-07-09 22:37,527940.000000,英语,美国,701280.000000,7854300.000000,307920,节目分类,其他,美国,中文,暗黑杀神
10170,11265,暗黑杀神,1029,2,精彩点/其他,精彩点,其他,2,26,4140,,2017-07-03 19:58,2017-07-09 22:37,527940.000000,英语,美国,701280.000000,7854300.000000,307920,地区,美国,美国,中文,暗黑杀神
10170,11265,暗黑杀神,1029,2,精彩点/其他,精彩点,其他,2,26,4140,,2017-07-03 19:58,2017-07-09 22:37,527940.000000,英语,美国,701280.000000,7854300.000000,307920,节目归属,精彩点,美国,中文,暗黑杀神
10170,11265,暗黑杀神,1029,2,精彩点/其他,精彩点,其他,2,26,4140,,2017-07-03 19:58,2017-07-09 22:37,527940.000000,英语,美国,701280.000000,7854300.000000,307920,语言,中文,美国,中文,暗黑杀神
10805,10774,非诚勿扰：男嘉宾妖娆舞姿嗨翻全场,1996,1,精彩点/综艺娱乐,精彩点,综艺娱乐,2,21,300,,2017-09-24 19:30,2017-09-24 19:30,0.000000,国语,大陆,6997260.000000,7418040.000000,118920,节目分类,综艺娱乐,大陆,中文,非诚勿扰：男嘉宾妖娆舞姿嗨翻全场
10805,10774,非诚勿扰：男嘉宾妖娆舞姿嗨翻全场,1996,1,精彩点/综艺娱乐,精彩点,综艺娱乐,2,21,300,,2017-09-24 19:30,2017-09-24 19:30,0.000000,国语,大陆,6997260.000000,7418040.000000,118920,地区,大陆,大陆,中文,非诚勿扰：男嘉宾妖娆舞姿嗨翻全场
10805,10774,非诚勿扰：男嘉宾妖娆舞姿嗨翻全场,1996,1,精彩点/综艺娱乐,精彩点,综艺娱乐,2,21,300,,2017-09-24 19:30,2017-09-24 19:30,0.000000,国语,大陆,6997260.000000,7418040.000000,118920,节目归属,精彩点,大陆,中文,非诚勿扰：男嘉宾妖娆舞姿嗨翻全场
10805,10774,非诚勿扰：男嘉宾妖娆舞姿嗨翻全场,1996,1,精彩点/综艺娱乐,精彩点,综艺娱乐,2,21,300,,2017-09-24 19:30,2017-09-24 19:30,0.000000,国语,大陆,6997260.000000,7418040.000000,118920,语言,中文,大陆,中文,非诚勿扰：男嘉宾妖娆舞姿嗨翻全场
10088,11234,快乐大本营：陈赫包贝尔大鹏上演颜值之争,779,1,精彩点/综艺娱乐,精彩点,综艺娱乐,2,21,1920,,2017-09-24 18:57,2017-09-24 18:57,0.000000,国语,大陆,7246440.000000,7769100.000000,130872.27,节目分类,综艺娱乐,大陆,中文,快乐大本营：陈赫包贝尔大鹏上演颜值之争
10088,11234,快乐大本营：陈赫包贝尔大鹏上演颜值之争,779,1,精彩点/综艺娱乐,精彩点,综艺娱乐,2,21,1920,,2017-09-24 18:57,2017-09-24 18:57,0.000000,国语,大陆,7246440.000000,7769100.000000,130872.27,地区,大陆,大陆,中文,快乐大本营：陈赫包贝尔大鹏上演颜值之争
10088,11234,快乐大本营：陈赫包贝尔大鹏上演颜值之争,779,1,精彩点/综艺娱乐,精彩点,综艺娱乐,2,21,1920,,2017-09-24 18:57,2017-09-24 18:57,0.000000,国语,大陆,7246440.000000,7769100.000000,130872.27,节目归属,精彩点,大陆,中文,快乐大本营：陈赫包贝尔大鹏上演颜值之争
10088,11234,快乐大本营：陈赫包贝尔大鹏上演颜值之争,779,1,精彩点/综艺娱乐,精彩点,综艺娱乐,2,21,1920,,2017-09-24 18:57,2017-09-24 18:57,0.000000,国语,大陆,7246440.000000,7769100.000000,130872.27,语言,中文,大陆,中文,快乐大本营：陈赫包贝尔大鹏上演颜值之争
10882,10780,极限挑战 第三季：张艺兴雪耻重振皮革厂,1121,1,精彩点/综艺娱乐,精彩点,综艺娱乐,2,21,5700,,2017-09-10 22:03,2017-09-10 22:03,0.000000,国语,大陆,6129540.000000,7847760.000000,39180,节目分类,综艺娱乐,大陆,中文,极限挑战 第三季：张艺兴雪耻重振皮革厂
10882,10780,极限挑战 第三季：张艺兴雪耻重振皮革厂,1121,1,精彩点/综艺娱乐,精彩点,综艺娱乐,2,21,5700,,2017-09-10 22:03,2017-09-10 22:03,0.000000,国语,大陆,6129540.000000,7847760.000000,39180,地区,大陆,大陆,中文,极限挑战 第三季：张艺兴雪耻重振皮革厂
10882,10780,极限挑战 第三季：张艺兴雪耻重振皮革厂,1121,1,精彩点/综艺娱乐,精彩点,综艺娱乐,2,21,5700,,2017-09-10 22:03,2017-09-10 22:03,0.000000,国语,大陆,6129540.000000,7847760.000000,39180,节目归属,精彩点,大陆,中文,极限挑战 第三季：张艺兴雪耻重振皮革厂
10882,10780,极限挑战 第三季：张艺兴雪耻重振皮革厂,1121,1,精彩点/综艺娱乐,精彩点,综艺娱乐,2,21,5700,,2017-09-10 22:03,2017-09-10 22:03,0.000000,国语,大陆,6129540.000000,7847760.000000,39180,语言,中文,大陆,中文,极限挑战 第三季：张艺兴雪耻重振皮革厂
10217,11037,小花仙,686,2,精彩点/大陆剧场,精彩点,大陆剧场,2,11,6240,,2017-08-25 10:02,2017-08-25 10:02,0.000000,国语,大陆,2296740.000000,2591880.000000,36900,节目分类,大陆剧场,大陆,中文,小花仙
10217,11037,小花仙,686,2,精彩点/大陆剧场,精彩点,大陆剧场,2,11,6240,,2017-08-25 10:02,2017-08-25 10:02,0.000000,国语,大陆,2296740.000000,2591880.000000,36900,地区,大陆,大陆,中文,小花仙
10217,11037,小花仙,686,2,精彩点/大陆剧场,精彩点,大陆剧场,2,11,6240,,2017-08-25 10:02,2017-08-25 10:02,0.000000,国语,大陆,2296740.000000,2591880.000000,36900,节目归属,精彩点,大陆,中文,小花仙
10217,11037,小花仙,686,2,精彩点/大陆剧场,精彩点,大陆剧场,2,11,6240,,2017-08-25 10:02,2017-08-25 10:02,0.000000,国语,大陆,2296740.000000,2591880.000000,36900,语言,中文,大陆,中文,小花仙
